Workbook

Sheet README
A1: Validation of the object → EuroVoc mapping (Step 7)
A3: What to do
A4: 1. Go to the Validate sheet. Rows with in_sample = yes (green) come first: judge those.
A5: 2. Fill in the yellow columns only: judgement (drop-down), better_concept (optional), notes.
A6: 3. Judge candidate 1 mainly; use candidates 2-3 to decide 'partial'.
A7: 4. The Summary sheet updates automatically as you fill in judgements.
A9: Judgement codes
A10: correct – candidate 1 is the right concept, or an acceptable close one.
A11: partial – candidate 1 is in the right area but too broad/narrow, or a lower candidate is right.
A12: wrong – no candidate fits the object.
A13: unclear – the object itself cannot be judged (placeholder, fragment, unresolved reference).
A14: For unmapped objects: 'correct' = rightly left unmapped; 'wrong' = a EuroVoc concept clearly exists.
... A28: Example of a filled-in row (not part of the data)
A29: object | B29: level | C29: cand_1 | D29: conf_1 | E29: judgement | F29: better_concept | G29: notes
A30: ten minste de in lid 6 bepaalde informatie | B30: head | C30: informatie | D30: 0.8 | E30: partial | F30: melding | G30: concept right but generic; the object refers to lid 6

Sheet Validate
A1: in_sample | B1: stratum | C1: object | D1: raw_object | E1: norm_type | F1: head | G1: level | H1: matched_label | I1: cand_1 | J1: conf_1 | K1: pct_1 | L1: cand_2 | M1: conf_2 | N1: cand_3 | O1: conf_3 | P1: n_norms | Q1: example_norm | R1: context | S1: judgement | T1: better_concept | U1: notes
A2: yes | B2: phrase | C2: advies | D2: informatie en advies over dreigingen en incidenten met betrekking tot hun netwerk- en informatiesystemen | E2: phrase | F2: advies | G2: phrase | H2: advies | I2: advies | J2: 0.8 | L2: advies (EU) | M2: 0.8 | P2: 2 | Q2: BWBR0052872:96:1:2 | R2: …stellen door Onze Minister of een andere in afwijking hiervan bij of krachtens algemene maatregel van bestuur hiervoor aan te wijzen instantie; en b. informatie en advies over dreigingen en incidenten met betrekking tot hun netwerk- en informatiesystemen van Onze Minister of een andere in afwijking hiervan bij of krachtens algemene maatregel van bestuur hiervoor aan te wijzen instantie.
A3: yes | B3: phrase | C3: begroting | D3: de begroting | E3: phrase | F3: begroting | G3: phrase | H3: begroting | I3: begroting | J3: 1 | P3: 1 | Q3: BWBR0040940:11:3:3 | R3: De Autoriteit persoonsgegevens stelt de begroting vast in overeenstemming met het budget, bedoeld in het tweede lid.
A4: yes | B4: phrase | C4: bevoegdheden | D4: de bevoegdheden | E4: phrase | F4: bevoegdheid | G4: phrase | H4: bevoegdheid | I4: politieke bevoegdheid | J4: 1 | P4: 1 | Q4: BWBR0040940:14:1:2 | R4: De Autoriteit persoonsgegevens is bevoegd om de taken uit te voeren en de bevoegdheden uit te oefenen die bij of krachtens de verordening zijn toegekend aan de toezichthoudende autoriteit.
A5: yes | B5: phrase | C5: cyberdreiging | D5: het aan het CSIRT gemelde incident, bijna-incident of cyberdreiging | E5: phrase | F5: cyberdreiging | G5: phrase | H5: cyberdreiging | I5: informatieoorlog | J5: 1 | P5: 1 | Q5: BWBR0052872:39:2:5 | R5: Als dat passend is en in elk geval als het aan het CSIRT gemelde incident, bijna-incident of cyberdreiging, bedoeld in het eerste lid, betrekking heeft op twee of meer lidstaten van de Europese Unie, stelt het centrale contactpunt de centrale contactpunten…
A6: yes | B6: phrase | C6: Enisa | D6: de Europese Commissie en Enisa | E6: phrase | F6: enisa | G6: phrase | H6: enisa | I6: Agentschap van de Europese Unie voor cyberbeveiliging | J6: 1 | P6: 1 | Q6: BWBR0052872:60:4:5 | R6: … de betrokken bevoegde autoriteit van de andere lidstaat van de Europese Unie over de voorgenomen afwijzing en, wanneer de lidstaat daartoe verzoekt, de Europese Commissie en Enisa.
A7: yes | B7: phrase | C7: Europese Commissie | D7: de Europese Commissie en Enisa | E7: phrase | F7: europese | G7: phrase | H7: europees commissie | I7: Europese Commissie | J7: 1 | P7: 1 | Q7: BWBR0052872:60:4:5 | R7: … de betrokken bevoegde autoriteit van de andere lidstaat van de Europese Unie over de voorgenomen afwijzing en, wanneer de lidstaat daartoe verzoekt, de Europese Commissie en Enisa.
A8: yes | B8: phrase | C8: toezichthoudende bevoegdheden | D8: hun toezichthoudende bevoegdheden | E8: phrase | F8: bevoegdheid | G8: phrase | H8: toezichthouden bevoegdheid | I8: toezichthoudende bevoegdheid | J8: 1 | P8: 1 | Q8: BWBR0052872:68:3:3 | R8: Ten behoeve van het verlenen van de bijstand, bedoeld in het tweede lid, kunnen de toezichthouders hun toezichthoudende bevoegdheden toepassen.
A9: yes | B9: phrase | C9: verplichtingen | D9: de verplichtingen uit de artikelen 25 tot en met 30 | E9: phrase | F9: verplichting | G9: phrase | H9: verplichting | I9: contract | J9: 1 | P9: 1 | Q9: BWBR0052872:31:1:1 | R9: …le entiteit of belangrijke entiteit significante incidenten moet melden en indien deze eisen ten minste gelijkwaardig zijn aan die uit deze wet, zijn de verplichtingen uit de artikelen 25 tot en met 30 niet van toepassing op die specifieke entiteit.
A10: yes | B10: phrase | C10: voorziening | E10: phrase | F10: voorziening | G10: phrase | H10: voorziening | I10: voorziening | J10: 1 | P10: 1 | Q10: BWBR0040940:20:8:8 | R10: Tegen het aanhouden van het verzoek door de Afdeling bestuursrechtspraak van de Raad van State, staat geen voorziening open.
A11: yes | B11: phrase | C11: woning | D11: een woning | E11: phrase | F11: woning | G11: phrase | H11: woning | I11: huisvesting | J11: 1 | P11: 1 | Q11: BWBR0040940:15:2:2 | R11: De in het eerste lid bedoelde personen zijn bevoegd een woning te betreden zonder toestemming van de bewoner.
A12: yes | B12: head | C12: aanbieder die voor 16 januari 2023 op grond van de Wet beveiliging netwerk- en informatiesystemen is aangewezen als aanbieder van een essentiële dienst | D12: een aanbieder die voor 16 januari 2023 op grond van de Wet beveiliging netwerk- en informatiesystemen is aangewezen als aanbieder van een essentiële dienst | E12: head | F12: aanbieder | G12: head | H12: aanbieder | I12: provider | J12: 0.8 | P12: 1 | Q12: BWBR0052872:10:whole:1 | R12: Bij regeling of besluit van Onze Minister die het aangaat, na overleg met Onze Minister, kan worden aangewezen als essentiële entiteit: een aanbieder die voor 16 januari 2023 op grond van de Wet beveiliging netwerk- en informatiesystemen is aangewezen als aanbieder van een essentiële dienst.
A13: yes | B13: head | C13: aanvullende technische ondersteuning | E13: head | F13: ondersteuning | G13: head | H13: ondersteuning | I13: economische steun | J13: 0.8 | P13: 1 | Q13: BWBR0052872:36:2:1 | R13: Het CSIRT verleent aanvullende technische ondersteuning indien de betrokken entiteit daar om verzoekt.
A14: yes | B14: head | C14: informatie over dreigingen en incidenten met betrekking tot hun netwerk- en informatiesystemen | D14: informatie en advies over dreigingen en incidenten met betrekking tot hun netwerk- en informatiesystemen | E14: phrase | F14: informatie | G14: head | H14: informatie | I14: informatie | J14: 0.8 | P14: 1 | Q14: BWBR0052872:96:1:2 | R14: …stellen door Onze Minister of een andere in afwijking hiervan bij of krachtens algemene maatregel van bestuur hiervoor aan te wijzen instantie; en b. informatie en advies over dreigingen en incidenten met betrekking tot hun netwerk- en informatiesystemen van Onze Minister of een andere in afwijking hiervan bij of krachtens algemene maatregel van bestuur hiervoor aan te wijzen instantie.
A15: yes | B15: head | C15: informatie over een incident, bijna-incident of cyberdreiging | E15: head | F15: informatie | G15: head | H15: informatie | I15: informatie | J15: 0.8 | P15: 1 | Q15: BWBR0052872:40:2:2 | R15: Het CSIRT verstrekt de bevoegde autoriteit, bedoeld in artikel 8 van de Wet weerbaarheid kritieke entiteiten, informatie over een incident, bijna-incident of cyberdreiging dat overeenkomstig artikel 33, eerste lid, onderdeel a, is gemeld door een essentiële entiteit die tevens een kritieke entiteit is als bedoeld in de …
A16: yes | B16: head | C16: overgang van die registergoederen | D16: de overgang van die registergoederen | E16: head | F16: overgang | G16: head | H16: overgang | I16: menopauze | J16: 0.8 | P16: 1 | Q16: BWBR0040940:48a:6:3 | R16: Ingeval krachtens het vierde en het vijfde lid registergoederen overgaan, doet Onze Minister van Financiën de overgang van die registergoederen onverwijld inschrijven in de openbare registers, bedoeld in afdeling 2 van titel 1 van Boek 3 van het Burgerlijk Wetboek. Artikel 24, eerste lid, van…
A17: yes | B17: head | C17: relevante informatie die hierover is gemeld tijdig aan het centrale contactpunt wordt verstrekt | D17: dat de relevante informatie die hierover is gemeld tijdig aan het centrale contactpunt wordt verstrekt | E17: head | F17: informatie | G17: head | H17: informatie | I17: informatie | J17: 0.8 | P17: 1 | Q17: BWBR0052872:39:1:2 | R17: …enten, bijna-incidenten en cyberdreigingen. In geval van een grensoverschrijdend of sectoroverschrijdend significant incident, zorgt het CSIRT ervoor dat de relevante informatie die hierover is gemeld tijdig aan het centrale contactpunt wordt verstrekt.
A18: yes | B18: head | C18: samenvattend verslag | D18: een samenvattend verslag | E18: head | F18: verslag | G18: head | H18: verslag | I18: verslag | J18: 0.8 | P18: 1 | Q18: BWBR0052872:39:5:8 | R18: Het centrale contactpunt dient elke drie maanden bij Enisa een samenvattend verslag in met geanonimiseerde en geaggregeerde gegevens over gemelde significante incidenten, incidenten, bijna-incidenten en cyberdreigingen.
A19: yes | B19: head | C19: significante cyberdreiging | D19: de desbetreffende significante cyberdreiging | E19: head | F19: cyberdreiging | G19: head | H19: cyberdreiging | I19: informatieoorlog | J19: 0.8 | P19: 1 | Q19: BWBR0052872:30:2:3 | R19: …erwijld mee welke maatregelen die ontvangers kunnen nemen in reactie op die dreiging. Indien nodig stelt de entiteit die ontvangers ook in kennis van de desbetreffende significante cyberdreiging.
A20: yes | B20: head | C20: Staat dan wel Onze Minister | D20: de Staat dan wel Onze Minister | E20: head | F20: minister | G20: head | H20: minister | I20: minister | J20: 0.8 | P20: 1 | Q20: BWBR0040940:48a:7:5 | R20: …Autoriteit persoonsgegevens is betrokken, treedt op het tijdstip van inwerkingtreding van dit artikel de Autoriteit persoonsgegevens in de plaats van de Staat dan wel Onze Minister.
A21: yes | B21: head | C21: verplichtingen van de verordening | D21: de verplichtingen en rechten, bedoeld in de artikelen 12 tot en met 21 en artikel 34 van de verordening | E21: phrase | F21: verplichting | G21: head | H21: verplichting | I21: contract | J21: 0.8 | P21: 1 | Q21: BWBR0040940:41:1:1 | R21: De verwerkingsverantwoordelijke kan de verplichtingen en rechten, bedoeld in de artikelen 12 tot en met 21 en artikel 34 van de verordening, buiten toepassing laten voor zover zulks noodzakelijk en evenredig is ter waarborging van: a. de nationale veiligheid; b. landsverdediging; c. de op…
A22: yes | B22: compound | C22: eindverslag | D22: een eindverslag | E22: compound | F22: eindverslag | G22: compound | H22: verslag | I22: verslag | J22: 0.6 | P22: 2 | Q22: BWBR0052872:29:1:1 | R22: De essentiële entiteit of belangrijke entiteit dient uiterlijk één maand na de melding, bedoeld in artikel 27, eerste lid, een eindverslag in bij haar CSIRT en haar bevoegde autoriteit waarin het volgende is opgenomen: a. een gedetailleerde beschrijving van het incident, de ernst en de g…
A23: yes | B23: compound | C23: instelling voor hoger onderwijs.1, onder g, van de Wet op het hoger onderwijs en wetenschappelijk onderzoek | D23: een instelling voor hoger onderwijs als bedoeld in artikel 1.1, onder g, van de Wet op het hoger onderwijs en wetenschappelijk onderzoek | E23: compound | F23: instelling | G23: compound | H23: telling | I23: telling | J23: 0.6 | P23: 2 | Q23: BWBR0052872:11:1:1 | R23: Bij regeling of besluit van Onze Minister van Onderwijs, Cultuur en Wetenschap, na overleg met Onze Minister, kan een instelling voor hoger onderwijs als bedoeld in artikel 1.1, onder g, van de Wet op het hoger onderwijs en wetenschappelijk onderzoek als essentiële entiteit worden aangewezen.
A24: yes | B24: compound | C24: nationale cyberbeveiligingsstrategie | D24: de nationale cyberbeveiligingsstrategie | E24: compound | F24: cyberbeveiligingsstrategie | G24: compound | H24: strategie | I24: krijgskunde | J24: 0.6 | P24: 2 | Q24: BWBR0052872:19:3:3 | R24: Onze Minister beoordeelt in overeenstemming met Onze Ministers die het aangaan de nationale cyberbeveiligingsstrategie regelmatig en ten minste om de vijf jaar, op basis van kernprestatie-indicatoren. Hij werkt de nationale cyberbeveiligingsstrategie in overeenstemmin…
A25: yes | B25: compound | C25: nationale cyberbeveiligingsstrategie van de NIS2-richtlijn | D25: een nationale cyberbeveiligingsstrategie als bedoeld in artikel 7, eerste lid, van de NIS2-richtlijn | E25: compound | F25: cyberbeveiligingsstrategie | G25: compound | H25: strategie | I25: krijgskunde | J25: 0.6 | P25: 1 | Q25: BWBR0052872:19:1:1 | R25: Onze Minister stelt in overeenstemming met Onze Ministers die het aangaan een nationale cyberbeveiligingsstrategie als bedoeld in artikel 7, eerste lid, van de NIS2-richtlijn vast.
A26: yes | B26: compound | C26: of beheersmaatregelen mogelijk en realiseerbaar zijn die de nationale veiligheidsrisico’s die in het geding zijn voldoende beschermen | E26: compound | F26: veiligheidsrisico | G26: compound | H26: risico | I26: gedekt risico | J26: 0.6 | P26: 1 | Q26: BWBR0052872:21a:2:2 | R26: In het kader van de beoordeling van de noodzaak, bedoeld in het eerste lid, beoordeelt Onze Minister die het aangaat in elk geval of beheersmaatregelen mogelijk en realiseerbaar zijn die de nationale veiligheidsrisico’s die in het geding zijn voldoende beschermen.
A27: yes | B27: compound | C27: oversightforum dat is opgericht | D27: het oversightforum dat is opgericht op grond van artikel 32, eerste lid, van de Verordening (EU) 2022/2554 | E27: compound | F27: oversightforum | G27: compound | H27: forum | I27: forum | J27: 0.6 | P27: 1 | Q27: BWBR0052872:57:2:3 | R27: De bevoegde autoriteit stelt het oversightforum dat is opgericht op grond van artikel 32, eerste lid, van de Verordening (EU) 2022/2554 in kennis wanneer zij haar toezichts- en handhavingsbevoegdheden uitoefent om ervoor te zorgen dat een essentiële entiteit of belangrijke entiteit, d…
A28: yes | B28: compound | C28: Toestemming | E28: compound | F28: toestemming | G28: compound | H28: stemming | I28: stemming | J28: 0.6 | P28: 1 | Q28: BWBR0040940:5:3:3 | R28: Toestemming kan te allen tijde worden ingetrokken door: a. de wettelijk vertegenwoordiger; b. de betrokkene die de leeftijd van twaalf jaren heeft bereikt, en c.…
A29: yes | B29: compound | C29: toestemming | D29: de toestemming | E29: compound | F29: toestemming | G29: compound | H29: stemming | I29: stemming | J29: 0.6 | P29: 1 | Q29: BWBR0040940:5:1:1 | R29: …erdeel elf, van de verordening en de betrokkene heeft de leeftijd van zestien jaren nog niet bereikt, is in plaats van toestemming van de betrokkene, de toestemming van zijn wettelijk vertegenwoordiger vereist.
A30: yes | B30: compound | C30: Toestemming b | D30: Toestemming als bedoeld in het tweede lid, onderdeel b | E30: compound | F30: toestemming | G30: compound | H30: stemming | I30: stemming | J30: 0.6 | P30: 1 | Q30: BWBR0040940:28:3:3 | R30: Toestemming als bedoeld in het tweede lid, onderdeel b, is niet vereist, indien het vragen van uitdrukkelijke toestemming onmogelijk blijkt of een onevenredige inspanning vergt.
A31: yes | B31: compound | C31: voortgangsverslag | D31: een voortgangsverslag | E31: compound | F31: voortgangsverslag | G31: compound | H31: verslag | I31: verslag | J31: 0.6 | P31: 1 | Q31: BWBR0052872:29:2:2 | R31: …ent dat het eindverslag had moeten worden ingediend, dient de essentiële entiteit of belangrijke entiteit op dat moment in plaats van een eindverslag een voortgangsverslag in waarin wordt ingegaan op de aspecten, genoemd in het eerste lid. Zij dient een eindverslag in binnen één maand nadat het incident is afgehandeld.
A32: yes | B32: embedding p20-47 | C32: analyses | D32: analyses en technisch onderzoek | E32: phrase | F32: analyse | G32: embedding | I32: statistische analyse | J32: 0.2937 | K32: 45 | L32: documentaire analyse | M32: 0.226 | N32: sociale analyse | O32: 0.2226 | P32: 1 | Q32: BWBR0052872:96:2:3 | R32: …ster onderscheidenlijk de andere instantie, bedoeld in het eerste lid, verricht ten behoeve van het uitvoeren van de in het eerste lid bedoelde taken analyses en technisch onderzoek, naar aanleiding van de in het eerste lid genoemde dreigingen en incidenten of aanwijzingen daarvoor, niet zijnde onderzoek naar personen of organisa…
A33: yes | B33: embedding p20-47 | C33: verwerking van genetische gegevens, biometrische gegevens met het oog op de unieke identificatie van een persoon | D33: verwerking van persoonsgegevens waaruit ras of etnische afkomst, politieke opvattingen, religieuze of levensbeschouwelijke overtuigingen, of het lidmaatschap van een vakbond blijken, en verwerking van genetische gegevens, biometrische gegevens met het oog op de unieke identificatie van een persoon, of gegevens over gezondheid, of gegevens met betrekking tot iemands seksueel gedrag of seksuele gerichtheid | E33: embedding | F33: verwerking | G33: embedding | I33: gegevensverwerking | J33: 0.2872 | K33: 43.2 | L33: genetische informatiedatabase | M33: 0.2125 | P33: 1 | Q33: BWBR0040940:22:1:1 | R33: Overeenkomstig artikel 9, eerste lid, van de verordening zijn verwerking van persoonsgegevens waaruit ras of etnische afkomst, politieke opvattingen, religieuze of levensbeschouwelijke overtuigingen, of het lidmaatschap van een vakbond blijken, en verwerking van genetische gegevens, biometrische gegevens met het oog op de unieke identificatie van een persoon, of gegevens over gezondheid, of gegevens met betrekking tot iemands seksueel gedrag of seksuele gerichtheid verboden.
A34: yes | B34: embedding p20-47 | C34: afspraken | E34: embedding | F34: afspraak | G34: embedding | I34: communicatie | J34: 0.2866 | K34: 43.1 | L34: afspraak tussen ondernemingen | M34: 0.281 | N34: besprekingen | O34: 0.2359 | P34: 1 | Q34: BWBR0040940:19:1:1 | R34: De Autoriteit persoonsgegevens is bevoegd om in het belang van een efficiënt en effectief toezicht op de verwerking van persoonsgegevens afspraken te maken met andere toezichthouders en daartoe gezamenlijk met deze toezichthouders samenwerkingsprotocollen vast te stellen. Een samenwerkingsprotoc…
A35: yes | B35: embedding p20-47 | C35: nummers die dienen ter identificatie | D35: nummers die dienen ter identificatie als bedoeld in artikel 46 | E35: embedding | F35: nummer | G35: embedding | I35: identiteitsbewijs | J35: 0.2675 | K35: 38 | L35: radiofrequentie-identificatie | M35: 0.202 | P35: 1 | Q35: BWBR0040940:47a:2:2 | R35: …llingsbesluit worden bepaald dat de commissie of het adviescollege ten behoeve van het in de instellingsregeling of instellingsbesluit opgenomen doel nummers die dienen ter identificatie als bedoeld in artikel 46 kan verwerken. In de instellingsregeling worden passende waarborgen voor de rechten en vrijheden van de betrokkene vastgesteld.
A36: yes | B36: embedding p20-47 | C36: last onder bestuursdwang | D36: een last onder bestuursdwang | E36: embedding | F36: last | G36: embedding | I36: openbaarheid van het bestuur | J36: 0.2496 | K36: 33.2 | L36: slachtoffer onder burgerbevolking | M36: 0.2323 | N36: nuttige last | O36: 0.2236 | P36: 3 | Q36: BWBR0052872:75:whole:1 | R36: De bevoegde autoriteit is bevoegd tot oplegging van een last onder bestuursdwang aan een essentiële entiteit ter handhaving van het bepaalde bij of krachtens deze wet en het bepaalde in de op grond van de artikelen 21, vijfde lid,…
A37: yes | B37: embedding p20-47 | C37: nummer dat ter identificatie van een persoon bij wet is voorgeschreven | D37: Een nummer dat ter identificatie van een persoon bij wet is voorgeschreven | E37: embedding | F37: nummer | G37: embedding | I37: identiteitsbewijs | J37: 0.2452 | K37: 32 | P37: 1 | Q37: BWBR0040940:46:whole:1 | R37: Een nummer dat ter identificatie van een persoon bij wet is voorgeschreven, wordt bij de verwerking van persoonsgegevens slechts gebruikt ter uitvoering van de desbetreffende wet dan wel voor doeleinden bij de wet bepaald.
A38: yes | B38: embedding p20-47 | C38: last onder dwangsom | D38: een last onder dwangsom | E38: embedding | F38: last | G38: embedding | I38: door de EU opgelegde dwangsom | J38: 0.2382 | K38: 30.2 | L38: nuttige last | M38: 0.2235 | N38: ernstige acute ondervoeding | O38: 0.2052 | P38: 2 | Q38: BWBR0052872:90:whole:1 | R38: De bevoegde autoriteit kan een entiteit die domeinnaamregistratiediensten verleent een last onder dwangsom opleggen in geval van overtreding van het bepaalde bij of krachtens de artikelen 42, 44, 47, 49 en 50.
A39: yes | B39: embedding p20-47 | C39: kosten van de beveiligingsscan | D39: de kosten van de beveiligingsscan | E39: embedding | F39: kost | G39: embedding | I39: kosten van milieubescherming | J39: 0.2372 | K39: 29.9 | L39: kosten van gezondheidsschade | M39: 0.2115 | P39: 2 | Q39: BWBR0052872:71:2:3 | R39: De bevoegde autoriteit draagt de kosten van de beveiligingsscan.
A40: yes | B40: embedding p20-47 | C40: verbod om andere bijzondere categorieën van persoonsgegevens te verwerken | D40: Het verbod om andere bijzondere categorieën van persoonsgegevens te verwerken | E40: embedding | F40: verbod | G40: embedding | I40: gegevensbescherming | J40: 0.2368 | K40: 29.8 | P40: 1 | Q40: BWBR0040940:30:5:5 | R40: Het verbod om andere bijzondere categorieën van persoonsgegevens te verwerken is niet van toepassing, indien de verwerking noodzakelijk is in aanvulling op de verwerking van gegevens over gezondheid, bedoeld in het derde lid, a…
A41: yes | B41: embedding p20-47 | C41: controlefunctionaris | D41: een controlefunctionaris | E41: embedding | F41: controlefunctionaris | G41: embedding | I41: directiesecretaris | J41: 0.207 | K41: 21.9 | P41: 1 | Q41: BWBR0052872:70:1:1 | R41: De bevoegde autoriteit kan voor een bepaalde periode een controlefunctionaris aanwijzen bij een essentiële entiteit.
A42: yes | B42: embedding p47-73 | C42: vroegtijdige waarschuwing over het significante incident | D42: een vroegtijdige waarschuwing over het significante incident | E42: embedding | F42: waarschuwing | G42: embedding | I42: vroegtijdig waarschuwingssysteem | J42: 0.3949 | K42: 72 | P42: 1 | Q42: BWBR0052872:26:1:1 | R42: De essentiële entiteit of belangrijke entiteit geeft ten behoeve van de melding, bedoeld in artikel 27, eerste lid, een vroegtijdige waarschuwing over het significante incident aan haar CSIRT en haar bevoegde autoriteit. Dit doet zij onverwijld of, indien dat niet mogelijk is, binnen 24 uur nadat zij kennis heeft gekregen va…
A43: yes | B43: embedding p47-73 | C43: beperkingen | D43: beperkingen en voorschriften | E43: phrase | F43: beperking | G43: embedding | I43: beperking van de invoer | J43: 0.3885 | K43: 70.3 | L43: beperking van de uitvoer | M43: 0.3685 | N43: afschaffing van beperkingen | O43: 0.3554 | P43: 1 | Q43: BWBR0040940:3:4:2 | R43: In een besluit of ministeriële regeling als bedoeld in het derde lid, onderdeel a, kunnen beperkingen en voorschriften worden gegeven.
A44: yes | B44: embedding p47-73 | C44: over de uitvoering van de wet in de praktijk | D44: een verslag over de effecten van deze wet in de praktijk en over de uitvoering van de wet in de praktijk | E44: head | F44: uitvoering | G44: embedding | I44: toepassing van de wet | J44: 0.3856 | K44: 69.5 | L44: uitwerking van EU-wetgeving | M44: 0.3604 | N44: uitvoeringsverordening van de Raad | O44: 0.3364 | P44: 1 | Q44: BWBR0040940:50:whole:1 | R44: Onze Minister zendt binnen drie jaar na de inwerkingtreding van deze wet, en vervolgens telkens na vier jaar, aan de Staten-Generaal een verslag over de effecten van deze wet in de praktijk en over de uitvoering van de wet in de praktijk.
A45: yes | B45: embedding p47-73 | C45: vermogensbestanddelen | D45: De in het vierde lid bedoelde vermogensbestanddelen | E45: embedding | G45: embedding | I45: vermogensbelasting | J45: 0.3844 | K45: 69.2 | L45: vermogensbeheerder | M45: 0.3008 | P45: 1 | Q45: BWBR0040940:48a:5:2 | R45: De in het vierde lid bedoelde vermogensbestanddelen gaan op het tijdstip van inwerkingtreding van dit artikel onder algemene titel over op tegen een door Onze Minister in overeenstemming met Onze Minis…
A46: yes | B46: embedding p47-73 | C46: van toepassing | D46: de van toepassing zijnde rechten | E46: head | F46: toepassing | G46: embedding | I46: gewoonte en gebruik | J46: 0.3671 | K46: 64.6 | L46: voorwaarde voor toepassing | M46: 0.358 | N46: verzoek tot toetreding | O46: 0.3188 | P46: 1 | Q46: BWBR0040940:30a:2:2 | R46: In een geval als bedoeld in het eerste lid, onder a, wordt de betrokkene geïnformeerd over de overdracht en gewezen op de van toepassing zijnde rechten. Indien het informeren onmogelijk is of onevenredig veel inspanning vergt of de persoonsgegevens vertrouwelijk moeten blijven uit hoofde van een bero…
A47: yes | B47: embedding p47-73 | C47: overige genoemde taken van de bevoegde autoriteit | D47: de overige in deze wet genoemde taken van de bevoegde autoriteit | E47: embedding | F47: taak | G47: embedding | I47: bevoegde nationale autoriteit | J47: 0.3538 | K47: 61 | L47: verordenende bevoegdheid | M47: 0.2733 | N47: bevoegdheden | O47: 0.2478 | P47: 1 | Q47: BWBR0052872:15:6:3 | R47: …lingen of gedelegeerde handelingen is bepaald dat deze verbindend zijn en rechtstreeks toepasselijk zijn in elke lidstaat van de Europese Unie; en c. de overige in deze wet genoemde taken van de bevoegde autoriteit.
A48: yes | B48: embedding p47-73 | C48: grensoverschrijdende samenwerking van de autoriteiten van Nederland met de relevante autoriteiten van andere lidstaten van de Europese Unie, de Europese Commissie en Enisa | D48: voor grensoverschrijdende samenwerking van de autoriteiten van Nederland met de relevante autoriteiten van andere lidstaten van de Europese Unie, de Europese Commissie en Enisa | E48: embedding | F48: samenwerking | G48: embedding | I48: Europese grensoverschrijdende samenwerking | J48: 0.3502 | K48: 60.1 | L48: Europees Agentschap voor het beheer van de operationele samenwerking aan de buitengrenzen van de lidstaten van de Europese Unie | M48: 0.298 | N48: intergouvernementele samenwerking (EU) | O48: 0.2176 | P48: 1 | Q48: BWBR0052872:14:whole:3 | R48: Onze Minister is het centrale contactpunt en heeft in die hoedanigheid de volgende taken: a. het zorgen voor grensoverschrijdende samenwerking van de autoriteiten van Nederland met de relevante autoriteiten van andere lidstaten van de Europese Unie, de Europese Commissie en Enisa, door middel van het vervullen van een verbindingsfunctie; b. het zorgen voor sectoroverschrijdende samenwerking tussen de bevoegde autoriteiten binn…
A49: yes | B49: embedding p47-73 | C49: vergunning c | D49: Een vergunning als bedoeld in het vierde lid, onderdeel c | E49: embedding | F49: vergunning | G49: embedding | I49: verkoopvergunning | J49: 0.3292 | K49: 54.4 | L49: invoervergunning | M49: 0.3247 | N49: vervoersvergunning | O49: 0.305 | P49: 1 | Q49: BWBR0040940:33:6:7 | R49: Een vergunning als bedoeld in het vierde lid, onderdeel c, kan slechts worden verleend, indien de verwerking noodzakelijk is met het oog op een zwaarwegend belang van derden en bij de uitvoering is voorzien …
A50: yes | B50: embedding p47-73 | C50: aan het CSIRT gemelde incident | D50: het aan het CSIRT gemelde incident, bijna-incident of cyberdreiging | E50: phrase | F50: incident | G50: embedding | I50: Cisjordaanse kwestie | J50: 0.314 | K50: 50.4 | L50: kwestie Tsjetsjenië | M50: 0.2615 | N50: klacht aan de Commissie | O50: 0.2581 | P50: 1 | Q50: BWBR0052872:39:2:5 | R50: Als dat passend is en in elk geval als het aan het CSIRT gemelde incident, bijna-incident of cyberdreiging, bedoeld in het eerste lid, betrekking heeft op twee of meer lidstaten van de Europese Unie, stelt het centrale contactpunt de centrale contactpunten…
A51: yes | B51: embedding p47-73 | C51: kosten van de controlefunctionaris | D51: de kosten van de controlefunctionaris | E51: embedding | F51: kost | G51: embedding | I51: beheerskosten | J51: 0.3125 | K51: 50 | L51: administratieve kosten | M51: 0.2601 | P51: 1 | Q51: BWBR0052872:70:3:2 | R51: De essentiële entiteit draagt de kosten van de controlefunctionaris.
A52: yes | B52: embedding p73-100 | C52: verzoek om toegang | D52: een verzoek om toegang als bedoeld in het eerste lid | E52: embedding | F52: verzoek | G52: embedding | I52: verzoek tot toetreding | J52: 0.4636 | K52: 90.3 | L52: verzoek om steun | M52: 0.4546 | N52: verzoek om advies | O52: 0.4462 | P52: 1 | Q52: BWBR0052872:50:2:2 | R52: De registers voor topleveldomeinnamen en de entiteiten die domeinnaamregistratiediensten verlenen beantwoorden een verzoek om toegang als bedoeld in het eerste lid onverwijld of, indien dat niet mogelijk is, binnen 72 uur na ontvangst van het verzoek.
A53: yes | B53: embedding p73-100 | C53: registratie | D53: een in het eerste lid bedoelde registratie | E53: embedding | F53: registratie | G53: embedding | I53: registratierecht | J53: 0.4566 | K53: 88.4 | L53: inschrijving | M53: 0.4231 | N53: registratie van documenten | O53: 0.4173 | P53: 3 | Q53: BWBR0052872:43:3:4 | R53: Onze Minister wijzigt, weigert of beëindigt in overeenstemming met de bevoegde autoriteit die het aangaat een in het eerste lid bedoelde registratie, indien de grond voor registratie is gewijzigd, vervallen of ontbreekt.
A54: yes | B54: embedding p73-100 | C54: verzoek | D54: het verzoek | E54: embedding | F54: verzoek | G54: embedding | I54: verzoekschrift | J54: 0.454 | K54: 87.7 | L54: verzoek om advies | M54: 0.4147 | N54: verplichting | O54: 0.3936 | P54: 5 | Q54: BWBR0052872:60:3:3 | R54: …nd, genoemd in het eerste en tweede lid, verleent de bevoegde autoriteit bijstand in verhouding tot haar eigen middelen. De bevoegde autoriteit wijst het verzoek alleen af als: a. zij niet bevoegd is om de verzochte bijstand te verlenen; b. de verzochte bijstand niet in verhouding staat tot de toezichthoudende…
A55: yes | B55: embedding p73-100 | C55: uitwisseling van persoonsgegevens | D55: de uitwisseling van persoonsgegevens | E55: embedding | F55: uitwisseling | G55: embedding | I55: uitwisseling van informatie | J55: 0.4438 | K55: 85 | L55: uitwisseling van publikaties | M55: 0.394 | N55: uitwisseling van jongeren | O55: 0.3799 | P55: 1 | Q55: BWBR0052872:54:1:3 | R55: …land. Binnen die samenwerkingsrelatie kan relevante informatie worden uitgewisseld, met inbegrip van persoonsgegevens. Een CSIRT gaat alleen over tot de uitwisseling van persoonsgegevens voor zover dat noodzakelijk is voor de doeltreffende en doelmatige uitvoering van haar taken uit hoofde van deze wet.
A56: yes | B56: embedding p73-100 | C56: gegevens betreffende de verwerking van persoonsgegevens | D56: de gegevens betreffende de verwerking van persoonsgegevens | E56: embedding | F56: gegeven | G56: embedding | I56: persoonlijke gegevens | J56: 0.4432 | K56: 84.8 | L56: gegevensbescherming | M56: 0.4432 | N56: gegevensverwerking | O56: 0.4408 | P56: 2 | Q56: BWBR0040940:19:2:4 | R56: De Autoriteit persoonsgegevens en de toezichthouders, bedoeld in het eerste lid, zijn bevoegd uit eigen beweging en desgevraagd verplicht aan elkaar de gegevens betreffende de verwerking van persoonsgegevens te verstrekken die noodzakelijk zijn voor de uitvoering van hun taak of om te kunnen voldoen aan een op hen rustende wettelijke verplichting.
A57: yes | B57: embedding p73-100 | C57: gegevens | D57: die gegevens | E57: embedding | F57: gegeven | G57: embedding | I57: persoonlijke gegevens | J57: 0.4244 | K57: 79.8 | L57: informatie | M57: 0.4173 | N57: medische gegevens | O57: 0.4141 | P57: 3 | Q57: BWBR0052872:49:1:2 | R57: … de entiteiten die domeinnaamregistratiediensten verlenen verzamelen nauwkeurige en volledige domeinnaamregistratiegegevens in een database en houden die gegevens bij.
A58: yes | B58: embedding p73-100 | C58: prioriteit | E58: embedding | F58: prioriteit | G58: embedding | I58: budgettaire prioriteit | J58: 0.4211 | K58: 79 | L58: prioriteitszone | M58: 0.4039 | N58: economische prioriteit | O58: 0.2783 | P58: 1 | Q58: BWBR0052872:16:4:4 | R58: Bij de uitvoering van de taken, bedoeld in het tweede en derde lid, kan het CSIRT op grond van een risicogebaseerde benadering prioriteit geven aan bepaalde taken.
A59: yes | B59: embedding p73-100 | C59: bevoegde autoriteit van een andere lidstaat van de Europese Unie | D59: de betrokken bevoegde autoriteit van een andere lidstaat van de Europese Unie | E59: embedding | F59: autoriteit | G59: embedding | I59: externe bevoegdheid van de Europese Gemeenschap | J59: 0.4173 | K59: 78 | L59: bevoegdheid van de Europese Unie | M59: 0.4117 | N59: bevoegdheid van de lidstaten | O59: 0.3794 | P59: 2 | Q59: BWBR0052872:60:5:6 | R59: …door haar genomen toezichts- en handhavingsmaatregelen met betrekking tot een entiteit als bedoeld in het eerste lid, waarna het centrale contactpunt de betrokken bevoegde autoriteit van een andere lidstaat van de Europese Unie informeert over die genomen toezichts- en handhavingsmaatregelen.
A60: yes | B60: embedding p73-100 | C60: beleid | E60: embedding | F60: beleid | G60: embedding | I60: beleidsvorming | J60: 0.4117 | K60: 76.4 | L60: beleidsanalyse | M60: 0.3686 | N60: overheidsbeleid | O60: 0.3487 | P60: 5 | Q60: BWBR0052872:19:2:2 | R60: In het kader van de nationale cyberbeveiligingsstrategie stelt Onze Minister respectievelijk Onze Minister die het aangaat beleid vast over de in artikel 7, tweede lid, van de NIS2-richtlijn genoemde onderwerpen die onder zijn beleidsverantwoordelijkheid vallen.
A61: yes | B61: embedding p73-100 | C61: publiek | D61: het publiek | E61: embedding | F61: publiek | G61: embedding | I61: publiek gebouw | J61: 0.4028 | K61: 74.1 | L61: publiek recht | M61: 0.3683 | N61: publieke dienst | O61: 0.3596 | P61: 1 | Q61: BWBR0052872:37:whole:1 | R61: Het CSIRT respectievelijk de bevoegde autoriteit kan, na raadpleging van de betrokken entiteit, het publiek informeren over een significant incident of de entiteit verplichten om dit te doen, wanneer: a. publieke bewustmaking nodig is om een significant inc…
A62: yes | B62: unmapped | C62: artikel 53, derde lid, van de Wet bescherming persoonsgegevens | D62: artikel 53, derde lid, eerste, tweede en derde volzin, van de Wet bescherming persoonsgegevens | E62: unknown | F62: artikel | P62: 1 | Q62: BWBR0040940:48:4:3 | R62: Op de leden van het College bescherming persoonsgegevens die zijn benoemd of herbenoemd voor 1 januari 2014, blijft artikel 53, derde lid, eerste, tweede en derde volzin, van de Wet bescherming persoonsgegevens van toepassing, zoals dat luidde voor dat tijdstip.
A63: yes | B63: unmapped | C63: bijna-incident | D63: het aan het CSIRT gemelde incident, bijna-incident of cyberdreiging | E63: phrase | F63: bijna-incident | P63: 1 | Q63: BWBR0052872:39:2:5 | R63: Als dat passend is en in elk geval als het aan het CSIRT gemelde incident, bijna-incident of cyberdreiging, bedoeld in het eerste lid, betrekking heeft op twee of meer lidstaten van de Europese Unie, stelt het centrale contactpunt de centrale contactpunten…
A64: yes | B64: unmapped | C64: cyberbeveiligingspraktijken van haar leveranciers en dienstverleners, met inbegrip van hun veilige ontwikkelingsprocedures | D64: de algemene kwaliteit van de producten en de cyberbeveiligingspraktijken van haar leveranciers en dienstverleners, met inbegrip van hun veilige ontwikkelingsprocedures | E64: embedding | F64: cyberbeveiligingspraktijken | P64: 1 | Q64: BWBR0052872:21:4:3 | R64: …erde lid, onderdeel d, passend zijn, houdt zij rekening met: a. de specifieke kwetsbaarheden van elke rechtstreekse leverancier en dienstverlener; b. de algemene kwaliteit van de producten en de cyberbeveiligingspraktijken van haar leveranciers en dienstverleners, met inbegrip van hun veilige ontwikkelingsprocedures; en c. de resultaten van de door de samenwerkingsgroep op grond van artikel 22, eerste lid, van de NIS2-richtlijn uitgevoerde gecoördineerde beveilig…
A65: yes | B65: unmapped | C65: gebruik van gemeenschappelijke of gestandaardiseerde praktijken, classificatieschema’s en taxonomieën | D65: de invoering en het gebruik van gemeenschappelijke of gestandaardiseerde praktijken, classificatieschema’s en taxonomieën | E65: embedding | F65: gebruik | P65: 1 | Q65: BWBR0052872:16:6:6 | R65: Met het oog op de samenwerking, bedoeld in het vijfde lid, bevordert het CSIRT de invoering en het gebruik van gemeenschappelijke of gestandaardiseerde praktijken, classificatieschema’s en taxonomieën met betrekking tot: a. procedures voor de incidentenbehandeling; b. crisisbeheer; en c. gecoördineerde bekendmaking van kwetsbaarheden.
A66: yes | B66: unmapped | C66: nationaal register van essentiële entiteiten, belangrijke entiteiten en entiteiten die domeinnaamregistratiediensten verlenen | D66: een nationaal register van essentiële entiteiten, belangrijke entiteiten en entiteiten die domeinnaamregistratiediensten verlenen | E66: unknown | F66: register | P66: 1 | Q66: BWBR0052872:43:1:1 | R66: In het belang van de goede uitvoering van deze wet beheert Onze Minister een nationaal register van essentiële entiteiten, belangrijke entiteiten en entiteiten die domeinnaamregistratiediensten verlenen.
A67: yes | B67: unmapped | C67: resultaten van de door de samenwerkingsgroep van de NIS2-richtlijn uitgevoerde gecoördineerde beveiligingsrisicobeoordelingen van kritieke toeleveringsketens | D67: de resultaten van de door de samenwerkingsgroep op grond van artikel 22, eerste lid, van de NIS2-richtlijn uitgevoerde gecoördineerde beveiligingsrisicobeoordelingen van kritieke toeleveringsketens | E67: unknown | F67: resultaat | P67: 1 | Q67: BWBR0052872:21:4:4 | R67: … de producten en de cyberbeveiligingspraktijken van haar leveranciers en dienstverleners, met inbegrip van hun veilige ontwikkelingsprocedures; en c. de resultaten van de door de samenwerkingsgroep op grond van artikel 22, eerste lid, van de NIS2-richtlijn uitgevoerde gecoördineerde beveiligingsrisicobeoordelingen van kritieke toeleveringsketens.
A68: yes | B68: unmapped | C68: significante incidenten | E68: unknown | F68: incident | P68: 1 | Q68: BWBR0052872:30:1:1 | R68: De essentiële entiteit of belangrijke entiteit stelt in voorkomend geval onverwijld de ontvangers van haar diensten in kennis van significante incidenten die een nadelige invloed kunnen hebben op de verlening van die diensten.
A69: yes | B69: unmapped | C69: specifieke kwetsbaarheden van elke rechtstreekse leverancier en dienstverlener | D69: de specifieke kwetsbaarheden van elke rechtstreekse leverancier en dienstverlener | E69: unknown | F69: kwetsbaarhed | P69: 1 | Q69: BWBR0052872:21:4:2 | R69: Wanneer de entiteit overweegt welke maatregelen als bedoeld in het derde lid, onderdeel d, passend zijn, houdt zij rekening met: a. de specifieke kwetsbaarheden van elke rechtstreekse leverancier en dienstverlener; b. de algemene kwaliteit van de producten en de cyberbeveiligingspraktijken van haar leveranciers en dienstverleners, met inbegrip van hun veilige o…
A70: yes | B70: unmapped | C70: verbod om persoonsgegevens te verwerken waaruit religieuze of levensbeschouwelijke overtuigingen blijken | D70: het verbod om persoonsgegevens te verwerken waaruit religieuze of levensbeschouwelijke overtuigingen blijken | E70: unknown | F70: verbod | P70: 1 | Q70: BWBR0040940:27:1:1 | R70: Gelet op artikel 9, tweede lid, onderdeel g, van de verordening, is het verbod om persoonsgegevens te verwerken waaruit religieuze of levensbeschouwelijke overtuigingen blijken, niet van toepassing, indien de verwerking geschiedt door andere instellingen dan de instellingen, bedoeld in artikel 22, tweede lid, onderdeel c, en…
A71: yes | B71: unmapped | C71: verwerking van persoonsgegevens waaruit ras of etnische afkomst, politieke opvattingen, religieuze of levensbeschouwelijke overtuigingen, of het lidmaatschap van een vakbond blijkenmet betrekking tot iemands seksueel gedrag of seksuele gerichtheid | D71: De verwerking van persoonsgegevens waaruit ras of etnische afkomst, politieke opvattingen, religieuze of levensbeschouwelijke overtuigingen, of het lidmaatschap van een vakbond blijken, of gegevens over gezondheid, of gegevens met betrekking tot iemands seksueel gedrag of seksuele gerichtheid | E71: embedding | F71: verwerking | P71: 3 | Q71: BWBR0052872:64:1:1 | R71: De verwerking van persoonsgegevens waaruit ras of etnische afkomst, politieke opvattingen, religieuze of levensbeschouwelijke overtuigingen, of het lidmaatschap van een vakbond blijken, of gegevens over gezondheid, of gegevens met betrekking tot iemands seksueel gedrag of seksuele gerichtheid door de bevoegde autoriteit geschiedt alleen voor zover de verwerking van deze gegevens noodzakelijk is voor de uitoefening van haar taken op grond v…
A72: yes | B72: no unit: no_object | E72: no_object | P72: 1 | Q72: BWBR0052872:51:1:2 | R72: De bevoegde autoriteiten, de CSIRT’s en het centrale contactpunt werken met elkaar samen voor de doeltreffende en doelmatige uitvoering van hun taken uit hoofde van deze wet en wisselen daartoe onderling alle daarvoor noodzakelijke gegevens uit, waaronder persoonsgegevens.
A73: yes | B73: no unit: no_object | E73: no_object | P73: 1 | Q73: BWBR0052872:54:2:5 | R73: Een CSIRT kan samenwerken met een gelijkwaardig orgaan van een derde land. Deze samenwerking kan bestaan uit het verlenen van bijstand op het gebied van cyberbeveiliging.
A74: yes | B74: no unit: no_object | E74: no_object | P74: 1 | Q74: BWBR0052872:56:4:4 | R74: De betrokken bevoegde autoriteit, bedoeld in artikel 15, kan de betrokken bevoegde autoriteit, bedoeld in artikel 8 van de Wet weerbaarheid kritieke entiteiten, verzoeken om toezichts- en handhavingsbevoegdheden uit te oefenen of uit te laten oefenen voor de naleving van het bepaalde bij of krachten…
A75: yes | B75: no unit: no_object | E75: no_object | P75: 1 | Q75: BWBR0040940:14:7:5 | R75: Voordat de Autoriteit Persoonsgegevens beleidsregels vaststelt ter bevordering van een consequente toepassing van de verordening of over de uitoefening van haar handhavingsbevoegdheden, dan raadpleegt zij, voor zover passend, belanghebbende partijen. In de onderbouwing van de beleidsregels gaat de A…
A76: yes | B76: no unit: no_object | E76: no_object | P76: 1 | Q76: BWBR0040940:48a:8:6 | R76: In zaken waarin voor het tijdstip van inwerkingtreding van dit artikel aan de Nationale ombudsman is verzocht een onderzoek te doen dan wel de Nationale ombudsman een onderzoek heeft ingesteld naar een gedraging die kan worden toegerekend aan de Autoriteit persoonsgegevens, treedt de Autoriteit pers…
A77: yes | B77: no unit: unknown | C77: daarvan | E77: unknown | P77: 1 | Q77: BWBR0052872:39:4:7 | R77: … een essentiële entiteit of belangrijke entiteit in Nederland, stelt het centrale contactpunt het betrokken CSIRT en de betrokken bevoegde autoriteit daarvan op de hoogte.
A78: yes | B78: no unit: unknown | C78: de buitengewone leden | E78: unknown | P78: 1 | Q78: BWBR0040940:11:5:5 | R78: De leden stellen een verdeling van taken vast en betrekken hierbij zoveel mogelijk de buitengewone leden.
A79: yes | B79: no unit: unknown | C79: het bepaalde bij of krachtens het eerste tot en met zesde lid | E79: unknown | P79: 1 | Q79: BWBR0052872:24:8:7 | R79: …ndien de essentiële entiteit of belangrijke entiteit toepassing heeft gegeven aan de artikelen 129a of 239a van Boek 2 van het Burgerlijk Wetboek, is het bepaalde bij of krachtens het eerste tot en met zesde lid uitsluitend van toepassing op de uitvoerende bestuurders van die essentiële entiteit of belangrijke entiteit.
A80: yes | B80: no unit: unknown | C80: het bepaalde bij of krachtens het eerste tot en met zesde lid | E80: unknown | P80: 1 | Q80: BWBR0052872:24:9:8 | R80: Indien de essentiële entiteit of belangrijke entiteit een maatschap is, is het bepaalde bij of krachtens het eerste tot en met zesde lid van overeenkomstige toepassing op iedere maat van die maatschap.
A81: yes | B81: no unit: unknown | C81: het volgende | E81: unknown | P81: 1 | Q81: BWBR0052872:21:3:1 | R81: …omvat en tot doel heeft netwerk- en informatiesystemen en de fysieke omgeving van die systemen tegen incidenten te beschermen, en omvatten ten minste het volgende: a. beleid inzake risicoanalyse en beveiliging van informatiesystemen; b. incidentenbehandeling; c. bedrijfscontinuïteit, zoals back-upbeheer en hers…

Sheet Summary
A1: stratum | B1: objects | C1: in sample | D1: judged | E1: correct | F1: partial | G1: wrong | H1: unclear | I1: precision (strict) | J1: precision (lenient)
A2: phrase | B2: 21 | C2: =COUNTIFS(Validate!$B$2:$B$81,A2,Validate!$A$2:$A$81,"yes") -> 10 | D2: =COUNTIFS(Validate!$B$2:$B$81,A2,Validate!$S$2:$S$81,"<>") -> 0 | E2: =COUNTIFS(Validate!$B$2:$B$81,A2,Validate!$S$2:$S$81,"correct") -> 0 | F2: =COUNTIFS(Validate!$B$2:$B$81,A2,Validate!$S$2:$S$81,"partial") -> 0 | G2: =COUNTIFS(Validate!$B$2:$B$81,A2,Validate!$S$2:$S$81,"wrong") -> 0 | H2: =COUNTIFS(Validate!$B$2:$B$81,A2,Validate!$S$2:$S$81,"unclear") -> 0 | I2: =IFERROR(E2/(D2-H2),"") | J2: =IFERROR((E2+F2)/(D2-H2),"")
A3: head | B3: 31 | C3: =COUNTIFS(Validate!$B$2:$B$81,A3,Validate!$A$2:$A$81,"yes") -> 10 | D3: =COUNTIFS(Validate!$B$2:$B$81,A3,Validate!$S$2:$S$81,"<>") -> 0 | E3: =COUNTIFS(Validate!$B$2:$B$81,A3,Validate!$S$2:$S$81,"correct") -> 0 | F3: =COUNTIFS(Validate!$B$2:$B$81,A3,Validate!$S$2:$S$81,"partial") -> 0 | G3: =COUNTIFS(Validate!$B$2:$B$81,A3,Validate!$S$2:$S$81,"wrong") -> 0 | H3: =COUNTIFS(Validate!$B$2:$B$81,A3,Validate!$S$2:$S$81,"unclear") -> 0 | I3: =IFERROR(E3/(D3-H3),"") | J3: =IFERROR((E3+F3)/(D3-H3),"")
A4: compound | B4: 12 | C4: =COUNTIFS(Validate!$B$2:$B$81,A4,Validate!$A$2:$A$81,"yes") -> 10 | D4: =COUNTIFS(Validate!$B$2:$B$81,A4,Validate!$S$2:$S$81,"<>") -> 0 | E4: =COUNTIFS(Validate!$B$2:$B$81,A4,Validate!$S$2:$S$81,"correct") -> 0 | F4: =COUNTIFS(Validate!$B$2:$B$81,A4,Validate!$S$2:$S$81,"partial") -> 0 | G4: =COUNTIFS(Validate!$B$2:$B$81,A4,Validate!$S$2:$S$81,"wrong") -> 0 | H4: =COUNTIFS(Validate!$B$2:$B$81,A4,Validate!$S$2:$S$81,"unclear") -> 0 | I4: =IFERROR(E4/(D4-H4),"") | J4: =IFERROR((E4+F4)/(D4-H4),"")
A5: embedding p20-47 | B5: 59 | C5: =COUNTIFS(Validate!$B$2:$B$81,A5,Validate!$A$2:$A$81,"yes") -> 10 | D5: =COUNTIFS(Validate!$B$2:$B$81,A5,Validate!$S$2:$S$81,"<>") -> 0 | E5: =COUNTIFS(Validate!$B$2:$B$81,A5,Validate!$S$2:$S$81,"correct") -> 0 | F5: =COUNTIFS(Validate!$B$2:$B$81,A5,Validate!$S$2:$S$81,"partial") -> 0 | G5: =COUNTIFS(Validate!$B$2:$B$81,A5,Validate!$S$2:$S$81,"wrong") -> 0 | H5: =COUNTIFS(Validate!$B$2:$B$81,A5,Validate!$S$2:$S$81,"unclear") -> 0 | I5: =IFERROR(E5/(D5-H5),"") | J5: =IFERROR((E5+F5)/(D5-H5),"")
A6: embedding p47-73 | B6: 46 | C6: =COUNTIFS(Validate!$B$2:$B$81,A6,Validate!$A$2:$A$81,"yes") -> 10 | D6: =COUNTIFS(Validate!$B$2:$B$81,A6,Validate!$S$2:$S$81,"<>") -> 0 | E6: =COUNTIFS(Validate!$B$2:$B$81,A6,Validate!$S$2:$S$81,"correct") -> 0 | F6: =COUNTIFS(Validate!$B$2:$B$81,A6,Validate!$S$2:$S$81,"partial") -> 0 | G6: =COUNTIFS(Validate!$B$2:$B$81,A6,Validate!$S$2:$S$81,"wrong") -> 0 | H6: =COUNTIFS(Validate!$B$2:$B$81,A6,Validate!$S$2:$S$81,"unclear") -> 0 | I6: =IFERROR(E6/(D6-H6),"") | J6: =IFERROR((E6+F6)/(D6-H6),"")
A7: embedding p73-100 | B7: 34 | C7: =COUNTIFS(Validate!$B$2:$B$81,A7,Validate!$A$2:$A$81,"yes") -> 10 | D7: =COUNTIFS(Validate!$B$2:$B$81,A7,Validate!$S$2:$S$81,"<>") -> 0 | E7: =COUNTIFS(Validate!$B$2:$B$81,A7,Validate!$S$2:$S$81,"correct") -> 0 | F7: =COUNTIFS(Validate!$B$2:$B$81,A7,Validate!$S$2:$S$81,"partial") -> 0 | G7: =COUNTIFS(Validate!$B$2:$B$81,A7,Validate!$S$2:$S$81,"wrong") -> 0 | H7: =COUNTIFS(Validate!$B$2:$B$81,A7,Validate!$S$2:$S$81,"unclear") -> 0 | I7: =IFERROR(E7/(D7-H7),"") | J7: =IFERROR((E7+F7)/(D7-H7),"")
A8: unmapped | B8: 46 | C8: =COUNTIFS(Validate!$B$2:$B$81,A8,Validate!$A$2:$A$81,"yes") -> 10 | D8: =COUNTIFS(Validate!$B$2:$B$81,A8,Validate!$S$2:$S$81,"<>") -> 0 | E8: =COUNTIFS(Validate!$B$2:$B$81,A8,Validate!$S$2:$S$81,"correct") -> 0 | F8: =COUNTIFS(Validate!$B$2:$B$81,A8,Validate!$S$2:$S$81,"partial") -> 0 | G8: =COUNTIFS(Validate!$B$2:$B$81,A8,Validate!$S$2:$S$81,"wrong") -> 0 | H8: =COUNTIFS(Validate!$B$2:$B$81,A8,Validate!$S$2:$S$81,"unclear") -> 0 | I8: =IFERROR(E8/(D8-H8),"") | J8: =IFERROR((E8+F8)/(D8-H8),"")
A9: no unit: no_object | B9: 24 | C9: =COUNTIFS(Validate!$B$2:$B$81,A9,Validate!$A$2:$A$81,"yes") -> 5 | D9: =COUNTIFS(Validate!$B$2:$B$81,A9,Validate!$S$2:$S$81,"<>") -> 0 | E9: =COUNTIFS(Validate!$B$2:$B$81,A9,Validate!$S$2:$S$81,"correct") -> 0 | F9: =COUNTIFS(Validate!$B$2:$B$81,A9,Validate!$S$2:$S$81,"partial") -> 0 | G9: =COUNTIFS(Validate!$B$2:$B$81,A9,Validate!$S$2:$S$81,"wrong") -> 0 | H9: =COUNTIFS(Validate!$B$2:$B$81,A9,Validate!$S$2:$S$81,"unclear") -> 0 | I9: =IFERROR(E9/(D9-H9),"") | J9: =IFERROR((E9+F9)/(D9-H9),"")
A10: no unit: unknown | B10: 21 | C10: =COUNTIFS(Validate!$B$2:$B$81,A10,Validate!$A$2:$A$81,"yes") -> 5 | D10: =COUNTIFS(Validate!$B$2:$B$81,A10,Validate!$S$2:$S$81,"<>") -> 0 | E10: =COUNTIFS(Validate!$B$2:$B$81,A10,Validate!$S$2:$S$81,"correct") -> 0 | F10: =COUNTIFS(Validate!$B$2:$B$81,A10,Validate!$S$2:$S$81,"partial") -> 0 | G10: =COUNTIFS(Validate!$B$2:$B$81,A10,Validate!$S$2:$S$81,"wrong") -> 0 | H10: =COUNTIFS(Validate!$B$2:$B$81,A10,Validate!$S$2:$S$81,"unclear") -> 0 | I10: =IFERROR(E10/(D10-H10),"") | J10: =IFERROR((E10+F10)/(D10-H10),"")
A11: total | B11: =SUM(B2:B10) -> 294 | C11: =SUM(C2:C10) -> 80 | D11: =SUM(D2:D10) -> 0 | E11: =SUM(E2:E10) -> 0 | F11: =SUM(F2:F10) -> 0 | G11: =SUM(G2:G10) -> 0 | H11: =SUM(H2:H10) -> 0 | I11: =IFERROR(E11/(D11-H11),"") | J11: =IFERROR((E11+F11)/(D11-H11),"")
A13: Precision excludes 'unclear'. Strict = correct only; lenient = correct + partial.
A14: For 'unmapped', precision means: share of objects rightly left unmapped. For 'no unit' strata: share of norms that rightly have no unit.
A15: Embedding bands split the range above the fallback percentile (20) into three equal parts.
A16: 'objects' is the full count per stratum; Validate holds only the sample.
A17: With 10 judged per stratum, precision per stratum is a rough indication (about ±31 points at worst, 95%); the total is much tighter.
A19: norm_type | B19: norms | C19: rows in sample
A20: embedding | B20: 217 | C20: 28
A21: unknown | B21: 74 | C21: 11
A22: phrase | B22: 35 | C22: 16
A23: head | B23: 31 | C23: 10
A24: no_object | B24: 24 | C24: 5
A25: compound | B25: 15 | C25: 10

Sheet Norms
A1: norm_id | B1: object | C1: units | D1: level | E1: cand_1 | F1: conf_1 | G1: cand_2 | H1: cand_3 | I1: norm_type
A2: BWBR0052872:3:whole:1 | B2: regels | C2: regels | D2: embedding | E2: reglement | F2: 0.3594 | G2: prijsregels | I2: embedding
A3: BWBR0052872:5:2:1 | B3: deze wet | C3: wet | D3: phrase | E3: wet | F3: 1 | I3: phrase
A4: BWBR0052872:9:1:1 | B4: een in bijlage 1 of bijlage 2 van deze wet genoemde entiteit | C4: entiteit | D4: embedding | E4: wooneenheid | F4: 0.3066 | G4: anciënniteit | H4: nationaliteit | I4: embedding
A5: BWBR0052872:9:2:2 | B5: de aanwijzing | C5: aanwijzing | D5: embedding | E5: aanwerving | F5: 0.4128 | G5: uitwijzing | H5: aanbeveling | I5: embedding
A6: BWBR0052872:10:whole:1 | B6: een aanbieder die voor 16 januari 2023 op grond van de Wet beveiliging netwerk- en informatiesystemen is aangewezen als aanbieder van een essentiële dienst | C6: aanbieder die voor 16 januari 2023 op grond van de Wet beveiliging netwerk- en informatiesystemen is aangewezen als aanbieder van een essentiële dienst | D6: head | E6: provider | F6: 0.8 | I6: head
A7: BWBR0052872:11:1:1 | B7: een instelling voor hoger onderwijs als bedoeld in artikel 1.1, onder g, van de Wet op het hoger onderwijs en wetenschappelijk onderzoek | C7: instelling voor hoger onderwijs.1, onder g, van de Wet op het hoger onderwijs en wetenschappelijk onderzoek | D7: compound | E7: telling | F7: 0.6 | I7: compound
A8: BWBR0052872:11:2:2 | B8: de aanwijzing, bedoeld in het eerste lid | C8: aanwijzing | D8: embedding | E8: aanwerving | F8: 0.4128 | G8: uitwijzing | H8: aanbeveling | I8: embedding
A9: BWBR0052872:13:1:1 | B9: een instelling voor hoger onderwijs als bedoeld in artikel 1.1, onder g, van de Wet op het hoger onderwijs en wetenschappelijk onderzoek | C9: instelling voor hoger onderwijs.1, onder g, van de Wet op het hoger onderwijs en wetenschappelijk onderzoek | D9: compound | E9: telling | F9: 0.6 | I9: compound
A10: BWBR0052872:13:2:2 | B10: de aanwijzing, bedoeld in het eerste lid | C10: aanwijzing | D10: embedding | E10: aanwerving | F10: 0.4128 | G10: uitwijzing | H10: aanbeveling | I10: embedding
A11: BWBR0052872:14:whole:1 | B11: het centrale contactpunt | C11: centrale contactpunt | D11: embedding | E11: telefooncentrale | F11: 0.2604 | G11: centrale | I11: embedding
A12: BWBR0052872:14:whole:2 | B12: de volgende taken | C12: taken | I12: unknown
A13: BWBR0052872:14:whole:3 | B13: voor grensoverschrijdende samenwerking van de autoriteiten van Nederland met de relevante autoriteiten van andere lidstaten van de Europese Unie, de Europese Commissie en Enisa | C13: grensoverschrijdende samenwerking van de autoriteiten van Nederland met de relevante autoriteiten van andere lidstaten van de Europese Unie, de Europese Commissie en Enisa | D13: embedding | E13: Europese grensoverschrijdende samenwerking | F13: 0.3502 | G13: Europees Agentschap voor het beheer van de operationele samenwerking aan de buitengrenzen van de lidstaten van de Europese Unie | H13: intergouvernementele samenwerking (EU) | I13: embedding
A14: BWBR0052872:14:whole:4 | B14: voor sectoroverschrijdende samenwerking tussen de bevoegde autoriteiten binnen Nederland | C14: sectoroverschrijdende samenwerking tussen de bevoegde autoriteiten binnen Nederland | D14: embedding | E14: samenwerking tussen Instellingen | F14: 0.2747 | G14: samenwerking tussen ondernemingen | H14: intergouvernementele samenwerking (EU) | I14: embedding
A15: BWBR0052872:14:whole:5 | B15: de overige in deze wet genoemde taken | C15: overige genoemde taken | D15: embedding | E15: aanvullend werk | F15: 0.2728 | G15: aangevulde realiteit | H15: aanvullende begroting | I15: embedding
A16: BWBR0052872:15:6:1 | B16: de bestuursrechtelijke handhaving van het bepaalde bij of krachtens deze wet | C16: bestuursrechtelijke handhaving van het bepaalde bij of | D16: embedding | E16: bestuursrecht | F16: 0.208 | I16: embedding
A17: BWBR0052872:15:6:2 | B17: de bestuursrechtelijke handhaving van het bepaalde in de op grond van de artikelen 21, vijfde lid, en 23, elfde lid, van de NIS2-richtlijn vastgestelde uitvoeringshandelingen en de op grond van artikel 24, tweede lid, van de NIS2-richtlijn vastgestelde gedelegeerde handelingen | C17: bestuursrechtelijke handhaving van het bepaalde in de uitvoeringshandelingen en de gedelegeerde handelingen | I17: unknown
A18: BWBR0052872:15:6:3 | B18: de overige in deze wet genoemde taken van de bevoegde autoriteit | C18: overige genoemde taken van de bevoegde autoriteit | D18: embedding | E18: bevoegde nationale autoriteit | F18: 0.3538 | G18: verordenende bevoegdheid | H18: bevoegdheden | I18: embedding
A19: BWBR0052872:16:1:1 | B19: het CSIRT | C19: CSIRT | I19: unknown
A20: BWBR0052872:16:3:2 | B20: een openbaar toegankelijk netwerk- en informatiesysteem van een essentiële entiteit en belangrijke entiteit | C20: openbaar toegankelijk netwerk- en informatiesysteem van een essentiële entiteit en belangrijke entiteit | D20: head | E20: informatiesysteem | F20: 0.8 | I20: head
A21: BWBR0052872:16:3:3 | B21: tot negatieve gevolgen voor de dienstverlening van de betrokken entiteit | C21: negatieve gevolgen voor de dienstverlening van de betrokken entiteit | I21: unknown
A22: BWBR0052872:16:4:4 | B22: prioriteit | C22: prioriteit | D22: embedding | E22: budgettaire prioriteit | F22: 0.4211 | G22: prioriteitszone | H22: economische prioriteit | I22: embedding
A23: BWBR0052872:16:5:5 | B23: samenwerkingsrelaties | C23: samenwerkingsrelaties | D23: embedding | E23: samenwerkingsovereenkomst | F23: 0.3975 | G23: samenwerkingsraad | H23: samenwerkingsbeleid | I23: embedding
A24: BWBR0052872:16:6:6 | B24: de invoering en het gebruik van gemeenschappelijke of gestandaardiseerde praktijken, classificatieschema’s en taxonomieën | C24: invoering | gebruik van gemeenschappelijke of gestandaardiseerde praktijken, classificatieschema’s en taxonomieën | D24: embedding | E24: invoer | F24: 0.4621 | G24: invoervergunning | H24: invoerregeling | I24: embedding
A25: BWBR0052872:16:7:7 | B25: regels | C25: regels | D25: embedding | E25: reglement | F25: 0.3594 | G25: prijsregels | I25: embedding
A26: BWBR0052872:17:1:1 | B26: een CSIRT | C26: CSIRT | I26: unknown
A27: BWBR0052872:19:1:1 | B27: een nationale cyberbeveiligingsstrategie als bedoeld in artikel 7, eerste lid, van de NIS2-richtlijn | C27: nationale cyberbeveiligingsstrategie van de NIS2-richtlijn | D27: compound | E27: krijgskunde | F27: 0.6 | I27: compound
A28: BWBR0052872:19:2:2 | B28: beleid | C28: beleid | D28: embedding | E28: beleidsvorming | F28: 0.4117 | G28: beleidsanalyse | H28: overheidsbeleid | I28: embedding
A29: BWBR0052872:19:3:3 | B29: de nationale cyberbeveiligingsstrategie | C29: nationale cyberbeveiligingsstrategie | D29: compound | E29: krijgskunde | F29: 0.6 | I29: compound
A30: BWBR0052872:19:3:4 | B30: de nationale cyberbeveiligingsstrategie | C30: nationale cyberbeveiligingsstrategie | D30: compound | E30: krijgskunde | F30: 0.6 | I30: compound
A31: BWBR0052872:20:whole:1 | B31: een nationaal plan voor grootschalige cyberbeveiligingsincidenten en crisisrespons | C31: nationaal plan voor grootschalige cyberbeveiligingsincidenten en crisisrespons | D31: embedding | E31: netwerk- en internetbeveiliging | F31: 0.2214 | I31: embedding
A32: BWBR0052872:21:3:1 | B32: het volgende | I32: unknown
A33: BWBR0052872:21:4:2 | B33: de specifieke kwetsbaarheden van elke rechtstreekse leverancier en dienstverlener | C33: specifieke kwetsbaarheden van elke rechtstreekse leverancier en dienstverlener | I33: unknown
A34: BWBR0052872:21:4:3 | B34: de algemene kwaliteit van de producten en de cyberbeveiligingspraktijken van haar leveranciers en dienstverleners, met inbegrip van hun veilige ontwikkelingsprocedures | C34: algemene kwaliteit van de producten | cyberbeveiligingspraktijken van haar leveranciers en dienstverleners, met inbegrip van hun veilige ontwikkelingsprocedures | D34: embedding | E34: kwaliteit van het product | F34: 0.4631 | G34: kwaliteitsbeheersing van industrieproducten | H34: kwaliteit van het milieu | I34: embedding
A35: BWBR0052872:21:4:4 | B35: de resultaten van de door de samenwerkingsgroep op grond van artikel 22, eerste lid, van de NIS2-richtlijn uitgevoerde gecoördineerde beveiligingsrisicobeoordelingen van kritieke toeleveringsketens | C35: resultaten van de door de samenwerkingsgroep van de NIS2-richtlijn uitgevoerde gecoördineerde beveiligingsrisicobeoordelingen van kritieke toeleveringsketens | I35: unknown
A36: BWBR0052872:21:4:5 | I36: no_object
A37: BWBR0052872:21:5:6 | B37: regels | C37: regels | D37: embedding | E37: reglement | F37: 0.3594 | G37: prijsregels | I37: embedding
A38: BWBR0052872:21:5:7 | B38: eisen | C38: eisen | D38: embedding | E38: ei | F38: 0.2408 | I38: embedding
A39: BWBR0052872:21a:1:1 | B39: producten of diensten van anderen dan de daarbij door Onze Minister die het aangaat genoemde partij | C39: producten of diensten van anderen dan de daarbij door Onze Minister die het aangaat genoemde partij | I39: unknown
A40: BWBR0052872:21a:2:2 | B40: of beheersmaatregelen mogelijk en realiseerbaar zijn die de nationale veiligheidsrisico’s die in het geding zijn voldoende beschermen | C40: of beheersmaatregelen mogelijk en realiseerbaar zijn die de nationale veiligheidsrisico’s die in het geding zijn voldoende beschermen | D40: compound | E40: gedekt risico | F40: 0.6 | I40: compound
A41: BWBR0052872:21a:3:3 | B41: een termijn | C41: termijn | D41: embedding | E41: termijncontract | F41: 0.4205 | G41: procestermijn | H41: termijndeposito | I41: embedding
A42: BWBR0052872:21a:4:4 | B42: Het eerste lid | I42: unknown
A43: BWBR0052872:22:1:1 | B43: artikel 21 | I43: unknown
A44: BWBR0052872:23:1:1 | B44: een essentiële entiteit respectievelijk een belangrijke entiteit | C44: essentiële entiteit respectievelijk een belangrijke entiteit | I44: unknown
A45: BWBR0052872:23:2:2 | B45: Het eerste lid | I45: unknown
A46: BWBR0052872:24:1:1 | B46: De maatregelen, bedoeld in artikel 21 | C46: maatregelen | D46: embedding | E46: bestuursmaatregel | F46: 0.2926 | G46: verkeersregels | H46: gezondheidsregels | I46: embedding
A47: BWBR0052872:24:2:2 | B47: kennis en vaardigheden | C47: kennis | vaardigheden | D47: embedding | E47: ontwikkeling van vaardigheden | F47: 0.4502 | G47: open kennis | H47: kennisbeheer | I47: embedding
A48: BWBR0052872:24:3:3 | B48: aan het bepaalde in het tweede lid | I48: unknown
A49: BWBR0052872:24:4:4 | B49: de kennis en vaardigheden, bedoeld in het tweede lid | C49: kennis | vaardigheden | D49: embedding | E49: ontwikkeling van vaardigheden | F49: 0.4502 | G49: open kennis | H49: kennisbeheer | I49: embedding
A50: BWBR0052872:24:5:5 | B50: een certificaat | C50: certificaat | D50: embedding | E50: kwaliteitscertificaat | F50: 0.326 | G50: certificaat van oorsprong | H50: citaat | I50: embedding
A51: BWBR0052872:24:6:6 | B51: regels | C51: regels | D51: embedding | E51: reglement | F51: 0.3594 | G51: prijsregels | I51: embedding
A52: BWBR0052872:24:8:7 | B52: het bepaalde bij of krachtens het eerste tot en met zesde lid | I52: unknown
A53: BWBR0052872:24:9:8 | B53: het bepaalde bij of krachtens het eerste tot en met zesde lid | I53: unknown
A54: BWBR0052872:24:10:9 | B54: het bepaalde bij of krachtens het eerste tot en met zesde lid | I54: unknown
A55: BWBR0052872:24:11:10 | B55: het bepaalde bij of krachtens het eerste tot en met zesde lid | I55: unknown
A56: BWBR0052872:25:1:1 | B56: ieder significant incident | C56: significant incident | I56: unknown
A57: BWBR0052872:25:3:2 | B57: de criteria | C57: criteria | I57: unknown
A58: BWBR0052872:25:4:3 | B58: aanvullende criteria | C58: aanvullende criteria | D58: embedding | E58: aanvullende uitkering | F58: 0.3964 | G58: aanvullende middelen | H58: aanvullende voeding | I58: embedding
A59: BWBR0052872:26:1:1 | B59: een vroegtijdige waarschuwing over het significante incident | C59: vroegtijdige waarschuwing over het significante incident | D59: embedding | E59: vroegtijdig waarschuwingssysteem | F59: 0.3949 | I59: embedding
A60: BWBR0052872:26:2:2 | B60: aan of het significante incident vermoedelijk door een onrechtmatige of kwaadwillige handeling is veroorzaakt | C60: of het significante incident vermoedelijk door een onrechtmatige of kwaadwillige handeling is veroorzaakt | I60: unknown
A61: BWBR0052872:26:2:3 | B61: aan of het significante incident grensoverschrijdende gevolgen kan hebben | C61: of het significante incident grensoverschrijdende gevolgen kan hebben | D61: embedding | E61: grensoverschrijdende kwestie | F61: 0.2454 | I61: embedding
A62: BWBR0052872:26:2:4 | B62: de contactgegevens van de functionaris die verantwoordelijk is voor de melding | C62: contactgegevens van de functionaris die verantwoordelijk is voor de melding | I62: unknown
A63: BWBR0052872:27:1:1 | B63: een melding | C63: melding | D63: embedding | E63: manifest | F63: 0.2261 | I63: embedding
A64: BWBR0052872:27:2:2 | B64: een melding van het significante incident | C64: melding van het significante incident | D64: embedding | E64: informatietechnologisch incident | F64: 0.2122 | I64: embedding
A65: BWBR0052872:28:whole:1 | B65: een tussentijds verslag | C65: tussentijds verslag | D65: head | E65: verslag | F65: 0.8 | I65: head
A66: BWBR0052872:29:1:1 | B66: een eindverslag | C66: eindverslag | D66: compound | E66: verslag | F66: 0.6 | I66: compound
A67: BWBR0052872:29:2:2 | B67: een voortgangsverslag | C67: voortgangsverslag | D67: compound | E67: verslag | F67: 0.6 | I67: compound
A68: BWBR0052872:29:2:3 | B68: een eindverslag | C68: eindverslag | D68: compound | E68: verslag | F68: 0.6 | I68: compound
A69: BWBR0052872:30:1:1 | B69: significante incidenten | C69: significante incidenten | I69: unknown
A70: BWBR0052872:30:2:2 | B70: welke maatregelen die ontvangers kunnen nemen in reactie op die dreiging | C70: welke maatregelen die ontvangers kunnen nemen in reactie op die dreiging | I70: unknown
A71: BWBR0052872:30:2:3 | B71: de desbetreffende significante cyberdreiging | C71: significante cyberdreiging | D71: head | E71: informatieoorlog | F71: 0.8 | I71: head
A72: BWBR0052872:31:1:1 | B72: de verplichtingen uit de artikelen 25 tot en met 30 | C72: verplichtingen | D72: phrase | E72: contract | F72: 1 | I72: phrase
A73: BWBR0052872:32:1:1 | B73: een essentiële entiteit of belangrijke entiteit | C73: essentiële entiteit | belangrijke entiteit | D73: embedding | E73: essentiële olie | F73: 0.3445 | I73: embedding
A74: BWBR0052872:32:2:2 | B74: Het eerste lid | I74: unknown
A75: BWBR0052872:33:1:1 | B75: een melding | C75: melding | D75: embedding | E75: manifest | F75: 0.2261 | I75: embedding
A76: BWBR0052872:33:2:2 | B76: de vrijwillige meldingen | C76: vrijwillige meldingen | D76: embedding | E76: vrijwillig werk | F76: 0.3531 | G76: vrijwillige legerdienst | H76: vrije omroep | I76: embedding
A77: BWBR0052872:33:2:3 | B77: voorrang | C77: voorrang | D77: embedding | E77: voorman | F77: 0.3143 | G77: voorrecht | H77: voorsteden | I77: embedding
A78: BWBR0052872:33:3:4 | B78: de vrijwillige melding | C78: vrijwillige melding | D78: embedding | E78: vrijwillig werk | F78: 0.3762 | G78: vrijwillige legerdienst | H78: vrije omroep | I78: embedding
A79: BWBR0052872:34:1:1 | B79: een melding | C79: melding | D79: embedding | E79: manifest | F79: 0.2261 | I79: embedding
A80: BWBR0052872:34:2:2 | B80: De melding | C80: melding | D80: embedding | E80: manifest | F80: 0.2261 | I80: embedding
A81: BWBR0052872:35:whole:1 | B81: regels | C81: regels | D81: embedding | E81: reglement | F81: 0.3594 | G81: prijsregels | I81: embedding
A82: BWBR0052872:36:2:1 | B82: aanvullende technische ondersteuning | C82: aanvullende technische ondersteuning | D82: head | E82: economische steun | F82: 0.8 | I82: head
A83: BWBR0052872:36:3:2 | B83: richtsnoeren | C83: richtsnoeren | I83: unknown
A84: BWBR0052872:37:whole:1 | B84: het publiek | C84: publiek | D84: embedding | E84: publiek gebouw | F84: 0.4028 | G84: publiek recht | H84: publieke dienst | I84: embedding
A85: BWBR0052872:37:whole:2 | B85: de entiteit | C85: entiteit | D85: embedding | E85: wooneenheid | F85: 0.3066 | G85: anciënniteit | H85: nationaliteit | I85: embedding
A86: BWBR0052872:38:whole:1 | B86: de essentiële entiteit of belangrijke entiteit | C86: essentiële entiteit | belangrijke entiteit | D86: embedding | E86: essentiële olie | F86: 0.3445 | I86: embedding
A87: BWBR0052872:39:1:1 | B87: het centrale contactpunt | C87: centrale contactpunt | D87: embedding | E87: telefooncentrale | F87: 0.2604 | G87: centrale | I87: embedding
A88: BWBR0052872:39:1:2 | B88: dat de relevante informatie die hierover is gemeld tijdig aan het centrale contactpunt wordt verstrekt | C88: relevante informatie die hierover is gemeld tijdig aan het centrale contactpunt wordt verstrekt | D88: head | E88: informatie | F88: 0.8 | I88: head
A89: BWBR0052872:39:2:3 | B89: de informatie die overeenkomstig de artikelen 26 tot en met 29 is ontvangen | C89: informatie die is ontvangen | D89: head | E89: informatie | F89: 0.8 | I89: head
A90: BWBR0052872:39:2:4 | B90: de beveiligingsbelangen en commerciële belangen van de entiteit en de vertrouwelijkheid van de verstrekte informatie | C90: beveiligingsbelangen en commerciële belangen van de entiteit en de vertrouwelijkheid van de verstrekte informatie | D90: embedding | E90: beveiliging van gegevens | F90: 0.278 | G90: informatiebeveiliging | I90: embedding
A91: BWBR0052872:39:2:5 | B91: het aan het CSIRT gemelde incident, bijna-incident of cyberdreiging | C91: aan het CSIRT gemelde incident | bijna-incident | cyberdreiging | D91: phrase | E91: informatieoorlog | F91: 1 | G91: Cisjordaanse kwestie | H91: kwestie Tsjetsjenië | I91: phrase
A92: BWBR0052872:39:3:6 | B92: de op grond van de artikelen 25 en 33 ontvangen meldingen | C92: ontvangen meldingen | D92: embedding | E92: ontvanger van hulp | F92: 0.2793 | G92: monitoringverslag | H92: vrij ontvangen van uitzendingen | I92: embedding
A93: BWBR0052872:39:4:7 | B93: daarvan | I93: unknown
A94: BWBR0052872:39:5:8 | B94: een samenvattend verslag | C94: samenvattend verslag | D94: head | E94: verslag | F94: 0.8 | I94: head
A95: BWBR0052872:40:1:1 | B95: informatie over een significant incident | C95: informatie over een significant incident | D95: head | E95: informatie | F95: 0.8 | I95: head
A96: BWBR0052872:40:2:2 | B96: informatie over een incident, bijna-incident of cyberdreiging | C96: informatie over een incident, bijna-incident of cyberdreiging | D96: head | E96: informatie | F96: 0.8 | I96: head
A97: BWBR0052872:41:whole:1 | B97: deze informatie | C97: informatie | D97: phrase | E97: informatie | F97: 1 | I97: phrase
A98: BWBR0052872:42:1:1 | B98: een vertegenwoordiger | C98: vertegenwoordiger | D98: phrase | E98: handelsvertegenwoordiger | F98: 1 | I98: phrase
A99: BWBR0052872:42:2:2 | B99: een vertegenwoordiger | C99: vertegenwoordiger | D99: phrase | E99: handelsvertegenwoordiger | F99: 1 | I99: phrase
A100: BWBR0052872:43:1:1 | B100: een nationaal register van essentiële entiteiten, belangrijke entiteiten en entiteiten die domeinnaamregistratiediensten verlenen | C100: nationaal register van essentiële entiteiten, belangrijke entiteiten en entiteiten die domeinnaamregistratiediensten verlenen | I100: unknown
...
