Workbook

Sheet README
A1: Validation of the object → EuroVoc mapping (Step 7)
A3: What to do
A4: 1. Go to the Validate sheet. Rows with in_sample = yes (green) come first: judge those.
A5: 2. Fill in the yellow columns only: judgement (drop-down), better_concept (optional), notes.
A6: 3. Judge candidate 1 mainly; use candidates 2-3 to decide 'partial'.
A7: 4. The Summary sheet updates automatically as you fill in judgements.
A9: Judgement codes
A10: correct – candidate 1 is the right concept, or an acceptable close one.
A11: partial – candidate 1 is in the right area but too broad/narrow, or a lower candidate is right.
A12: wrong – no candidate fits the object.
A13: unclear – the object itself cannot be judged (placeholder, fragment, unresolved reference).
A14: For unmapped objects: 'correct' = rightly left unmapped; 'wrong' = a EuroVoc concept clearly exists.
... A25: Example of a filled-in row (not part of the data)
A26: object | B26: level | C26: cand_1 | D26: conf_1 | E26: judgement | F26: better_concept | G26: notes
A27: ten minste de in lid 6 bepaalde informatie | B27: head | C27: informatie | D27: 0.8 | E27: partial | F27: melding | G27: concept right but generic; the object refers to lid 6

Sheet Validate
A1: in_sample | B1: stratum | C1: object | D1: raw_object | E1: head | F1: level | G1: matched_label | H1: cand_1 | I1: conf_1 | J1: pct_1 | K1: cand_2 | L1: conf_2 | M1: cand_3 | N1: conf_3 | O1: n_norms | P1: example_norm | Q1: context | R1: judgement | S1: better_concept | T1: notes
A2: yes | B2: phrase | C2: aansprakelijkheid | D2: van aansprakelijkheid op grond van lid 2 | E2: aansprakelijkheid | F2: phrase | G2: aansprakelijkheid | H2: aansprakelijkheid | I2: 1 | O2: 1 | P2: 32016R0679:82:3:4 | Q2: Een verwerkingsverantwoordelijke of verwerker wordt van aansprakelijkheid op grond van lid 2 vrijgesteld indien hij bewijst dat hij op geen enkele wijze verantwoordelijk is voor het schadeveroorzakende feit.
A3: yes | B3: phrase | C3: besluit | D3: haar besluit | E3: besluit | F3: phrase | G3: besluit | H3: besluit | I3: 0.8 | K3: besluit (EU) | L3: 0.8 | O3: 18 | P3: 32024R1689:46:5:11 | Q3: …bben de mogelijkheid hun standpunten uiteen te zetten. Met het oog daarop besluit de Commissie of de toelating gerechtvaardigd is. De Commissie richt haar besluit aan de betrokken lidstaat en de relevante operatoren.
A4: yes | B4: phrase | C4: comité | D4: het in artikel 22 van Verordening (EU) nr. 1025/2012 bedoelde comité | E4: comité | F4: phrase | G4: comité | H4: comité (EU) | I4: 1 | O4: 1 | P4: 32024R1689:41:2:1 | Q4: Alvorens een ontwerpuitvoeringshandeling op te stellen, stelt de Commissie het in artikel 22 van Verordening (EU) nr. 1025/2012 bedoelde comité ervan in kennis dat zij van oordeel is dat aan de voorwaarden van lid 1 van dit artikel is voldaan.
A5: yes | B5: phrase | C5: documentatie | D5: de in artikel 18 bedoelde documentatie | E5: documentatie | F5: phrase | G5: documentatie | H5: documentatie | I5: 1 | O5: 6 | P5: 32024R1689:16:whole:3 | Q5: … of geregistreerd merk en hun contactadres; c) beschikken over een systeem voor kwaliteitsbeheer dat in overeenstemming is met artikel 17; d) bewaren de in artikel 18 bedoelde documentatie; e) bewaren de in artikel 19 bedoelde logs die automatisch door hun AI-systemen met een hoog risico zijn gegenereerd, wanneer zij hierover de control…
A6: yes | B6: phrase | C6: grenzen | E6: grens | F6: phrase | G6: grens | H6: grens | I6: 1 | O6: 1 | P6: 32016R0679:49:5:7 | Q6: …dequaatheidsbesluit kunnen in Unierechtelijke of lidstaatrechtelijke bepalingen of bepalingen om gewichtige redenen van openbaar belang uitdrukkelijk grenzen worden gesteld aan de doorgifte van specifieke categorieën van persoonsgegevens aan een derde land of een internationale organisatie. De lidstaten st…
A7: yes | B7: phrase | C7: grondrechten | D7: Significante risico’s voor de gezondheid en veiligheid en de grondrechten | E7: grondrecht | F7: phrase | G7: grondrecht | H7: grondrechten | I7: 0.8 | K7: grondeigendom | L7: 0.8 | O7: 1 | P7: 32024R1689:57:11:18 | Q7: …e of corrigerende bevoegdheden van de bevoegde autoriteiten die toezicht houden binnen de testomgevingen onverlet, ook op regionaal of lokaal niveau. Significante risico’s voor de gezondheid en veiligheid en de grondrechten die tijdens het ontwikkelen en testen van dergelijke AI-systemen worden vastgesteld, worden op adequate wijze beperkt. De nationale bevoegde autorite…
A8: yes | B8: phrase | C8: pseudonimisering | E8: pseudonimisering | F8: phrase | G8: pseudonimisering | H8: anonimisering | I8: 1 | O8: 1 | P8: 32016R0679:89:1:2 | Q8: …rganisatorische maatregelen zijn getroffen om de inachtneming van het beginsel van minimale gegevensverwerking te garanderen. Deze maatregelen kunnen pseudonimisering omvatten, mits aldus die doeleinden in kwestie kunnen worden verwezenlijkt. Wanneer die doeleinden kunnen worden verwezenlijkt door verdere verwerkin…
A9: yes | B9: phrase | C9: rollen | D9: de rollen en taken van de nationale bevoegde autoriteiten overeenkomstig dit hoofdstuk | E9: rol | F9: phrase | G9: rol | H9: grondbewerking | I9: 1 | O9: 1 | P9: 32024R1689:57:3:7 | Q9: …houder voor gegevensbescherming kan ook een AI-testomgeving voor regelgeving opzetten voor de instellingen, organen en instanties van de Unie, en kan de rollen en taken van de nationale bevoegde autoriteiten overeenkomstig dit hoofdstuk uitoefenen.
A10: yes | B10: phrase | C10: schadevergoeding | E10: schadevergoeding | F10: phrase | G10: schadevergoeding | H10: schadevergoeding | I10: 1 | O10: 1 | P10: 32016R0679:82:1:1 | Q10: …ateriële schade heeft geleden ten gevolge van een inbreuk op deze verordening, heeft het recht om van de verwerkingsverantwoordelijke of de verwerker schadevergoeding te ontvangen voor de geleden schade.
A11: yes | B11: phrase | C11: verslag | E11: verslag | F11: phrase | G11: verslag | H11: verslag | I11: 1 | O11: 12 | P11: 32024R1689:56:5:4 | Q11: Het AI-bureau streeft ernaar ervoor te zorgen dat de deelnemers aan de praktijkcodes regelmatig verslag uitbrengen aan het AI-bureau over de uitvoering van de verbintenissen en de genomen maatregelen en de resultaten daarvan, onder meer waar nodig gemet…
A12: yes | B12: head | C12: aanvullende informatie | E12: informatie | F12: head | G12: informatie | H12: informatie | I12: 0.8 | O12: 1 | P12: 32016R0679:12:6:13 | Q12: …j redenen heeft om te twijfelen aan de identiteit van de natuurlijke persoon die het verzoek indient als bedoeld in de artikelen 15 tot en met 21, om aanvullende informatie vragen die nodig is ter bevestiging van de identiteit van de betrokkene.
A13: yes | B13: head | C13: Administratieve geldboeten | E13: geldboet | F13: head | G13: geldboet | H13: geldboete | I13: 0.8 | O13: 1 | P13: 32016R0679:83:2:2 | Q13: Administratieve geldboeten worden, naargelang de omstandigheden van het concrete geval, opgelegd naast of in plaats van de in artikel 58, lid 2, onder a) tot en met h) en onder…
A14: yes | B14: head | C14: afdoende garanties met betrekking tot het toepassen van passende technische en organisatorische maatregelen | E14: garantie | F14: head | G14: garantie | H14: garantie | I14: 0.8 | O14: 1 | P14: 32016R0679:28:4:7 | Q14: …lid 3 bedoelde overeenkomst of andere rechtshandeling tussen de verwerkingsverantwoordelijke en de verwerker zijn opgenomen, met name de verplichting afdoende garanties met betrekking tot het toepassen van passende technische en organisatorische maatregelen te bieden opdat de verwerking aan het bepaalde in deze verordening voldoet. Wanneer de andere verwerker zijn verplichtingen inzake gegevensbeschermin…
A15: yes | B15: head | C15: geharmoniseerde norm | D15: de geharmoniseerde norm | E15: norm | F15: head | G15: norm | H15: norm | I15: 0.8 | O15: 1 | P15: 32024R1689:41:4:2 | Q15: …aan de Commissie voorstelt met het oog op de bekendmaking van de referentie ervan in het Publicatieblad van de Europese Unie, beoordeelt de Commissie de geharmoniseerde norm overeenkomstig Verordening (EU) nr. 1025/2012. Wanneer de referentie van een geharmoniseerde norm in het Publicatieblad van de Europese Unie wordt be…
A16: yes | B16: head | C16: informatie en documentatie met betrekking tot de door hen genomen maatregelen | D16: alle informatie en documentatie met betrekking tot de op grond van de leden 1 tot en met 4 door hen genomen maatregelen | E16: informatie | F16: head | G16: informatie | H16: informatie | I16: 0.8 | O16: 1 | P16: 32024R1689:24:5:11 | Q16: …een met redenen omkleed verzoek van een relevante bevoegde autoriteit verstrekken distributeurs van een AI-systeem met een hoog risico die autoriteit alle informatie en documentatie met betrekking tot de op grond van de leden 1 tot en met 4 door hen genomen maatregelen die nodig zijn om aan te tonen dat het systeem voldoet aan de eisen van afdeling 2.
A17: yes | B17: head | C17: Persoonsgegevens betreffende strafrechtelijke veroordelingen | D17: Persoonsgegevens betreffende strafrechtelijke veroordelingen en strafbare feiten of daarmee verband houdende veiligheidsmaatregelen | E17: veroordeling | F17: head | G17: veroordeling | H17: strafsanctie | I17: 0.8 | O17: 1 | P17: 32016R0679:10:whole:1 | Q17: Persoonsgegevens betreffende strafrechtelijke veroordelingen en strafbare feiten of daarmee verband houdende veiligheidsmaatregelen mogen op grond van artikel 6, lid 1, alleen worden verwerkt onder toezicht van de overheid of indien de verwerking is toegestaan bij Unierechtelijke …
A18: yes | B18: head | C18: richtsnoeren, aanbevelingen en beste praktijken | E18: aanbeveling | F18: head | G18: aanbeveling | H18: aanbeveling (EU) | I18: 0.64 | K18: aanbeveling | L18: 0.64 | O18: 2 | P18: 32016R0679:70:1:5 | Q18: …ie wat betreft bindende bedrijfsvoorschriften tussen verwerkingsverantwoordelijken, verwerkers, en toezichthoudende autoriteiten; d) uitvaardigen van richtsnoeren, aanbevelingen en beste praktijken inzake procedures voor het wissen van links, kopieën of reproducties van persoonsgegevens uit algemeen beschikbare communicatiediensten als bedoeld i…
A19: yes | B19: head | C19: van de volgende besluiten | D19: een van de volgende besluiten | E19: besluit | F19: head | G19: besluit | H19: besluit (EU) | I19: 0.64 | K19: besluit | L19: 0.64 | O19: 1 | P19: 32024R1689:76:3:3 | Q19: …gebracht of andere redenen heeft om aan te nemen dat niet aan de in de artikelen 60 en 61 bepaalde voorwaarden wordt voldaan, kan op haar grondgebied een van de volgende besluiten nemen, naargelang van het geval: a) de tests onder reële omstandigheden opschorten of beëindigen; b) aanbieders of potentiële aanbieders en gebruiksv…
A20: yes | B20: head | C20: verplichtingen van die andere verwerker | D20: voor het nakomen van de verplichtingen van die andere verwerker | E20: verplichting | F20: head | G20: verplichting | H20: contract | I20: 0.8 | O20: 1 | P20: 32016R0679:28:4:5 | Q20: …plichtingen inzake gegevensbescherming niet nakomt, blijft de eerste verwerker ten aanzien van de verwerkingsverantwoordelijke volledig aansprakelijk voor het nakomen van de verplichtingen van die andere verwerker.
A21: yes | B21: head | C21: voorschriften voor sancties en andere handhavingsmaatregelen | D21: de in lid 1 bedoelde voorschriften voor sancties en andere handhavingsmaatregelen | E21: voorschrift | F21: head | G21: voorschrift | H21: verordening | I21: 0.8 | O21: 1 | P21: 32024R1689:99:2:5 | Q21: De lidstaten stellen de Commissie onverwijld en uiterlijk op de datum van toepassing in kennis van de in lid 1 bedoelde voorschriften voor sancties en andere handhavingsmaatregelen en delen haar onverwijld alle latere wijzigingen daarvan mee.
A22: yes | B22: compound | C22: doelstelling van algemeen belang | D22: aan een doelstelling van algemeen belang | E22: doelstelling | F22: compound | G22: telling | H22: telling | I22: 0.6 | O22: 1 | P22: 32016R0679:6:3:3 | Q22: …erking, zoals die voor andere specifieke verwerkingssituaties als bedoeld in hoofdstuk IX. Het Unierecht of het lidstatelijke recht moet beantwoorden aan een doelstelling van algemeen belang en moet evenredig zijn met het nagestreefde gerechtvaardigde doel.
A23: yes | B23: compound | C23: eindverslag waarin de in de testomgeving uitgevoerde activiteiten en de daarmee verband houdende resultaten en leerresultaten worden beschreven | D23: een eindverslag waarin de in de testomgeving uitgevoerde activiteiten en de daarmee verband houdende resultaten en leerresultaten worden beschreven | E23: eindverslag | F23: compound | G23: verslag | H23: verslag | I23: 0.6 | O23: 1 | P23: 32024R1689:57:7:12 | Q23: …kt de bevoegde autoriteit een schriftelijk bewijs van de met succes in de testomgeving uitgevoerde activiteiten. De bevoegde autoriteit verstrekt ook een eindverslag waarin de in de testomgeving uitgevoerde activiteiten en de daarmee verband houdende resultaten en leerresultaten worden beschreven. Aanbieders kunnen dergelijke documentatie gebruiken om bij het conformiteitsbeoordelingsproces of relevante markttoezicht-activiteiten aan te tonen …
A24: yes | B24: compound | C24: geïnformeerde toestemming | D24: De geïnformeerde toestemming | E24: toestemming | F24: compound | G24: stemming | H24: stemming | I24: 0.6 | O24: 2 | P24: 32024R1689:61:2:2 | Q24: De geïnformeerde toestemming wordt gedateerd en gedocumenteerd en er wordt een kopie verstrekt aan de proefpersonen of hun wettelijke vertegenwoordiger.
A25: yes | B25: compound | C25: of de doelstellingen worden verwezenlijkt | D25: of de doelstellingen daarvan worden verwezenlijkt | E25: doelstelling | F25: compound | G25: telling | H25: telling | I25: 0.6 | O25: 1 | P25: 32024R1689:56:6:9 | Q25: … en de AI-board beoordelen of de praktijkcodes betrekking hebben op de verplichtingen van de artikelen 53 en 55, en monitoren en evalueren regelmatig of de doelstellingen daarvan worden verwezenlijkt. Zij maken hun beoordeling of de praktijkcodes toereikend zijn bekend. De Commissie kan door middel van een uitvoeringshandeling een praktijkcode goe…
A26: yes | B26: compound | C26: opstelling van gedragscodes | D26: de opstelling van gedragscodes | E26: opstelling | F26: compound | G26: telling | H26: telling | I26: 0.6 | O26: 2 | P26: 32016R0679:40:1:1 | Q26: De lidstaten, de toezichthoudende autoriteiten, het Comité en de Commissie bevorderen de opstelling van gedragscodes die, met inachtneming van de specifieke kenmerken van de diverse gegevensverwerkingssectoren en de specifieke behoeften van kleine, middelgrote en mi…
A27: yes | B27: compound | C27: opzetten en onderhouden van een EU-databank met de informatie betreffende bedoelde AI-systemen met een hoog risico die zijn geregistreerd en AI-systemen die niet als AI-systemen met een hoog risico worden beschouwd en die zijn geregistreerd | D27: het opzetten en onderhouden van een EU-databank met de in de leden 2 en 3 van dit artikel bedoelde informatie betreffende in artikel 6, lid 2, bedoelde AI-systemen met een hoog risico die overeenkomstig de artikelen 49 en 60 zijn geregistreerd en AI-systemen die niet als AI-systemen met een hoog risico worden beschouwd op grond van artikel 6, lid 3, en die zijn geregistreerd overeenkomstig artikel 6, lid 4 en artikel 49 | E27: eudatabank | F27: compound | G27: databank | H27: gegevensbank | I27: 0.6 | O27: 1 | P27: 32024R1689:71:1:3 | Q27: De Commissie zorgt in samenwerking met de lidstaten voor het opzetten en onderhouden van een EU-databank met de in de leden 2 en 3 van dit artikel bedoelde informatie betreffende in artikel 6, lid 2, bedoelde AI-systemen met een hoog risico die overeenkomstig de artikelen 49 en 60 zijn geregistreerd en AI-systemen die niet als AI-systemen met een hoog risico worden beschouwd op grond van artikel 6, lid 3, en die zijn geregistreerd overeenkomstig artikel 6, lid 4 en artikel 49. Bij het vaststellen van de functionele specificaties van een dergelijke databank raadpleegt de Commissie de deskundigen ter zake, en bij het bijwerk…
A28: yes | B28: compound | C28: regelgevingsspecificaties van elke sector, met de bestaande mechanismen voor governance, conformiteitsbeoordeling en handhaving en met de autoriteiten die zijn vastgesteld | D28: de regelgevingsspecificaties van elke sector, met de bestaande mechanismen voor governance, conformiteitsbeoordeling en handhaving en met de autoriteiten die daarin zijn vastgesteld | E28: regelgevingsspecificatie | F28: compound | G28: specificatie | H28: technische specificatie | I28: 0.6 | O28: 1 | P28: 32024R1689:112:12:20 | Q28: …handelingen, die betrekking heeft op sectorale harmonisatie-wetgeving van de Unie zoals vermeld in bijlage I, afdeling B, wordt rekening gehouden met de regelgevingsspecificaties van elke sector, met de bestaande mechanismen voor governance, conformiteitsbeoordeling en handhaving en met de autoriteiten die daarin zijn vastgesteld.
A29: yes | B29: compound | C29: toestemming tot toestemming | D29: de toestemming of machtiging tot toestemming | E29: toestemming | F29: compound | G29: stemming | H29: stemming | I29: 0.6 | O29: 1 | P29: 32016R0679:8:1:1 | Q29: …rechtmatig wanneer het kind ten minste 16 jaar is. Wanneer het kind jonger is dan 16 jaar is zulke verwerking slechts rechtmatig indien en voor zover de toestemming of machtiging tot toestemming in dit verband wordt verleend door de persoon die de ouderlijke verantwoordelijkheid voor het kind draagt. De lidstaten kunnen dienaangaande bij wet …
A30: yes | B30: compound | C30: transparantieverplichtingen | D30: de transparantieverplichtingen van dit lid | E30: transparantieverplichting | F30: compound | G30: verplichting | H30: contract | I30: 0.6 | O30: 1 | P30: 32024R1689:50:4:9 | Q30: …zoeken of te vervolgen. Wanneer de content deel uitmaakt van een kennelijk artistiek, creatief, satirisch, fictief of analoog werk of programma, zijn de transparantieverplichtingen van dit lid beperkt tot de openbaarmaking van het bestaan van dergelijke gegenereerde of bewerkte content op een passende wijze die de weergave of het genot van …
A31: yes | B31: compound | C31: vastgelegde vertrouwelijkheidsverplichtingen | D31: de in artikel 78 vastgelegde vertrouwelijkheidsverplichtingen | E31: vertrouwelijkheidsverplichting | F31: compound | G31: verplichting | H31: contract | I31: 0.6 | O31: 1 | P31: 32024R1689:70:5:9 | Q31: Bij de uitvoering van hun taken voldoen de nationale bevoegde autoriteiten aan de in artikel 78 vastgelegde vertrouwelijkheidsverplichtingen.
A32: yes | B32: embedding p20-47 | C32: ontwikkeling van benchmarks en meetmethoden | D32: de ontwikkeling van benchmarks en meetmethoden | E32: ontwikkeling | F32: embedding | H32: onderzoek en ontwikkeling | I32: 0.2896 | J32: 43.9 | K32: benchmarking | L32: 0.2098 | O32: 1 | P32: 32024R1689:15:2:2 | Q32: …en, moedigt de Commissie, in samenwerking met relevante belanghebbenden en organisaties, zoals metrologie- en benchmarkingautoriteiten, waar passend, de ontwikkeling van benchmarks en meetmethoden aan.
A33: yes | B33: embedding p20-47 | C33: handelingen | E33: handeling | F33: embedding | H33: vondeling | I33: 0.2882 | J33: 43.5 | O33: 1 | P33: 32016R0679:52:3:4 | Q33: De leden van toezichthoudende autoriteiten verrichten geen handelingen die onverenigbaar zijn met hun taken en verrichten gedurende hun ambtstermijn geen al dan niet bezoldigde beroepswerkzaamheden die onverenigbaar zijn…
A34: yes | B34: embedding p20-47 | C34: kopie | D34: een kopie | E34: kopie | F34: embedding | H34: fotokopie | I34: 0.2853 | J34: 42.7 | K34: microkopie | L34: 0.2684 | M34: koe | N34: 0.2075 | O34: 1 | P34: 32024R1689:61:2:4 | Q34: De geïnformeerde toestemming wordt gedateerd en gedocumenteerd en er wordt een kopie verstrekt aan de proefpersonen of hun wettelijke vertegenwoordiger.
A35: yes | B35: embedding p20-47 | C35: rectificatie van hem betreffende onjuiste persoonsgegevens | E35: rectificatie | F35: embedding | H35: richtlijn inzake het hergebruik van overheidsinformatie. | I35: 0.265 | J35: 37.3 | K35: recht op privacy | L35: 0.205 | M35: beroep tot nietigverklaring (EU) | N35: 0.2043 | O35: 1 | P35: 32016R0679:16:whole:1 | Q35: De betrokkene heeft het recht om van de verwerkingsverantwoordelijke onverwijld rectificatie van hem betreffende onjuiste persoonsgegevens te verkrijgen. Met inachtneming van de doeleinden van de verwerking heeft de betrokkene het recht vervollediging van onvolledige persoonsgegevens te …
A36: yes | B36: embedding p20-47 | C36: mogelijkheid | D36: van die mogelijkheid | E36: mogelijkheid | F36: embedding | H36: aanbod | I36: 0.257 | J36: 35.2 | K36: bestemming | L36: 0.2412 | M36: beslissing | N36: 0.2267 | O36: 2 | P36: 32024R1689:43:3:5 | Q36: …ling door een derde partij, mits die fabrikant alle geharmoniseerde normen voor alle relevante voorschriften heeft toegepast, kan de fabrikant alleen van die mogelijkheid gebruikmaken als hij ook geharmoniseerde normen of in voorkomend geval gemeenschappelijke specificaties als bedoeld in artikel 41 heeft toegepast, vo…
A37: yes | B37: embedding p20-47 | C37: Omvattende registers van strafrechtelijke veroordelingen | E37: register | F37: embedding | H37: strafregister | I37: 0.2448 | J37: 31.9 | K37: voltrekking van de straf | L37: 0.2021 | O37: 1 | P37: 32016R0679:10:whole:2 | Q37: …g is toegestaan bij Unierechtelijke of lidstaatrechtelijke bepalingen die passende waarborgen voor de rechten en vrijheden van de betrokkenen bieden. Omvattende registers van strafrechtelijke veroordelingen mogen alleen worden bijgehouden onder toezicht van de overheid.
A38: yes | B38: embedding p20-47 | C38: positieve conformiteitsbeoordelingsresultaten | E38: conformiteitsbeoordelingsresultat | F38: embedding | H38: conformiteitscontrole | I38: 0.2432 | J38: 31.5 | K38: positieve arbeidsbeleving | L38: 0.224 | O38: 1 | P38: 32024R1689:45:3:12 | Q38: …iteiten voor dezelfde soorten AI-systemen verrichten, relevante informatie over negatieve conformiteitsbeoordelingsresultaten, en op verzoek ook over positieve conformiteitsbeoordelingsresultaten.
A39: yes | B39: embedding p20-47 | C39: persoonsgegevens en alle informatie die noodzakelijk is voor de uitvoering van haar taken | D39: alle persoonsgegevens en alle informatie die noodzakelijk is voor de uitvoering van haar taken | E39: persoonsgegeven | F39: embedding | H39: Registratie en beoordeling van en autorisatie en beperkingen ten aanzien van chemische stoffen | I39: 0.2361 | J39: 29.6 | K39: persoonlijke gegevens | L39: 0.2328 | M39: gegevensbescherming | N39: 0.2223 | O39: 1 | P39: 32016R0679:58:1:4 | Q39: …r in kennis te stellen van een beweerde inbreuk op deze verordening; e) van de verwerkingsverantwoordelijke en de verwerker toegang te verkrijgen tot alle persoonsgegevens en alle informatie die noodzakelijk is voor de uitvoering van haar taken; en f) toegang te verkrijgen tot alle bedrijfsruimten van de verwerkingsverantwoordelijke en de verwerker, daaronder begrepen tot alle uitrustingen e…
A40: yes | B40: embedding p20-47 | C40: onderbouwing van het trainen | D40: een volledige en gedetailleerde beschrijving van het proces en de onderbouwing van het trainen, testen en valideren van het AI-systeem | E40: onderbouwing | F40: embedding | H40: onderontwikkeling | I40: 0.2248 | J40: 26.6 | K40: onderbezetting | L40: 0.209 | O40: 1 | P40: 32024R1689:59:1:11 | Q40: …estomgeving worden bijgehouden voor de duur van de deelname aan de testomgeving, tenzij anders is bepaald in het Unierecht of het nationale recht; i) een volledige en gedetailleerde beschrijving van het proces en de onderbouwing van het trainen, testen en valideren van het AI-systeem wordt samen met de testresultaten bewaard als onderdeel van de in bijlage IV bedoelde technische documentatie; j) een korte samenvatting van het in d…
A41: yes | B41: embedding p20-47 | C41: of de maatregel gerechtvaardigd is | E41: maatregel | F41: embedding | H41: rechtvaardigheid en verzoening | I41: 0.2206 | J41: 25.5 | K41: aanbeveling van de Raad | L41: 0.2163 | M41: toebereid gerecht | N41: 0.2118 | O41: 1 | P41: 32024R1689:82:4:3 | Q41: …et de betrokken lidstaten en de betrokken operators en evalueert de genomen nationale maatregelen. Aan de hand van die evaluatie besluit de Commissie of de maatregel gerechtvaardigd is, en stelt zij zo nodig andere passende maatregelen voor.
A42: yes | B42: embedding p47-73 | C42: beperkingen | E42: beperking | F42: embedding | H42: beperking van de invoer | I42: 0.3971 | J42: 72.6 | K42: beperking van de uitvoer | L42: 0.38 | M42: afschaffing van beperkingen | N42: 0.3673 | O42: 1 | P42: 32024R1689:44:3:7 | Q42: …riften voldoet, gaat zij, rekening houdend met het evenredigheidsbeginsel, over tot schorsing of intrekking van het afgegeven certificaat of legt zij beperkingen op, tenzij de aanbieder van het systeem, met het oog op de naleving van deze voorschriften, binnen een door de aangemelde instantie vastgestelde pass…
A43: yes | B43: embedding p47-73 | C43: toepassing | D43: de toepassing van deze verordening | E43: toepassing | F43: embedding | H43: voorwaarde voor toepassing | I43: 0.3837 | J43: 69 | K43: gezamenlijke toepassing | L43: 0.3693 | M43: verbruik | N43: 0.2873 | O43: 2 | P43: 32016R0679:57:1:2 | Q43: …an deze verordening vastgestelde taken, verricht elke toezichthoudende autoriteit op haar grondgebied de volgende taken: a) zij monitort en handhaaft de toepassing van deze verordening; b) zij bevordert bij het brede publiek de bekendheid met en het inzicht in de risico's, regels, waarborgen en rechten in verband met de verwerking. …
A44: yes | B44: embedding p47-73 | C44: belangenverklaring | D44: een belangenverklaring | E44: belangenverklaring | F44: embedding | H44: belangengroep | I44: 0.3639 | J44: 63.7 | K44: verklaring van communautair belang | L44: 0.3446 | M44: getuigenverklaring | N44: 0.3156 | O44: 1 | P44: 32024R1689:68:4:4 | Q44: …eiten verkrijgen. Zij vragen noch aanvaarden instructies van wie dan ook bij de uitoefening van hun taken uit hoofde van lid 3. Elke deskundige stelt een belangenverklaring op, die openbaar wordt gemaakt. Het AI-bureau zorgt voor systemen en procedures voor het actief beheren en voorkomen van mogelijke belangenconflicten…
A45: yes | B45: embedding p47-73 | C45: incident | D45: van dat incident | E45: incident | F45: embedding | H45: IT-incident | I45: 0.3605 | J45: 62.8 | O45: 2 | P45: 32024R1689:26:5:7 | Q45: …len zij ook onmiddellijk eerst de aanbieder hiervan in kennis, en vervolgens de importeur of distributeur en de betreffende markttoezichtautoriteiten van dat incident. Wanneer de gebruiksverantwoordelijke de aanbieder niet kan bereiken, is artikel 73 mutatis mutandis van toepassing. Deze verplichting geldt niet voo…
A46: yes | B46: embedding p47-73 | C46: juiste toepassing | D46: de juiste toepassing van deze verordening | E46: toepassing | F46: embedding | H46: voorwaarde voor toepassing | I46: 0.3603 | J46: 62.7 | K46: gezamenlijke toepassing | L46: 0.2844 | M46: rechtstreekse toepasselijkheid | N46: 0.2834 | O46: 3 | P46: 32016R0679:70:1:1 | Q46: …gepast. Daartoe doet het Comité op eigen initiatief of, waar passend, op verzoek van de Commissie met name het volgende: a) toezien op en zorgen voor de juiste toepassing van deze verordening in de in de artikelen 64 en 65 bedoelde gevallen, onverminderd de taken van de nationale toezichthoudende autoriteiten; b) adviseren van de Commissie…
A47: yes | B47: embedding p47-73 | C47: nodige maatregelen | D47: de nodige maatregelen | E47: maatregel | F47: embedding | H47: verzoek om steun | I47: 0.3545 | J47: 61.2 | K47: behoefte aan kapitaal | L47: 0.353 | M47: voedselbehoefte | N47: 0.3479 | O47: 8 | P47: 32024R1689:27:2:3 | Q47: …ysteem met een hoog risico ziet dat een van de in lid 1 vermelde elementen is gewijzigd of niet langer actueel is, neemt de gebruiksverantwoordelijke de nodige maatregelen om de informatie te actualiseren.
A48: yes | B48: embedding p47-73 | C48: kosteloos | E48: kosteloos | F48: embedding | H48: kosteloos onderwijs | I48: 0.3331 | J48: 55.5 | K48: werkloze | L48: 0.2949 | M48: staatloze | N48: 0.267 | O48: 1 | P48: 32016R0679:61:7:12 | Q48: De maatregelen die toezichthoudende autoriteiten tot wie een verzoek is gericht nemen uit hoofde van een verzoek om wederzijdse bijstand, zijn kosteloos. De toezichthoudende autoriteiten kunnen regels overeenkomen om elkaar te vergoeden voor specifieke uitgaven die voortvloeien uit het verstrekken van…
A49: yes | B49: embedding p47-73 | C49: opschorting van gegevensstromen | D49: de opschorting van gegevensstromen | E49: opschorting | F49: embedding | H49: opschorting van de hulp | I49: 0.3175 | J49: 51.3 | K49: opsporing van hulpbronnen | L49: 0.3168 | M49: opschorting van de straf | N49: 0.2913 | O49: 1 | P49: 32016R0679:58:2:17 | Q49: …heden van elke zaak, naast of in plaats van de in dit lid bedoelde maatregelen, een administratieve geldboete opleggen op grond van artikel 83; en j) de opschorting van gegevensstromen naar een ontvanger in een derde land of naar een internationale organisatie gelasten.
A50: yes | B50: embedding p47-73 | C50: sjabloon | D50: een sjabloon | E50: sjabloon | F50: embedding | H50: sojaboon | I50: 0.3099 | J50: 49.3 | O50: 1 | P50: 32024R1689:5:6:14 | Q50: …sie jaarverslagen over dat gebruik in. Daartoe verstrekt de Commissie de lidstaten en de nationale markttoezicht- en gegevensbeschermingsautoriteiten een sjabloon, met informatie over het aantal besluiten dat is genomen door bevoegde gerechtelijke instanties of een onafhankelijke administratieve instantie, waar…
A51: yes | B51: embedding p47-73 | C51: verwerkingsdoeleinden waarvoor de persoonsgegevens zijn bestemd, en de rechtsgrond voor de verwerking | D51: de verwerkingsdoeleinden waarvoor de persoonsgegevens zijn bestemd, en de rechtsgrond voor de verwerking | E51: verwerkingsdoeleinden | F51: embedding | H51: gegevensverwerking | I51: 0.3023 | J51: 47.3 | K51: gegevensbescherming | L51: 0.2957 | M51: recht op privacy | N51: 0.2499 | O51: 1 | P51: 32016R0679:14:1:4 | Q51: …de vertegenwoordiger van de verwerkingsverantwoordelijke; b) in voorkomend geval, de contactgegevens van de functionaris voor gegevensbescherming; c) de verwerkingsdoeleinden waarvoor de persoonsgegevens zijn bestemd, en de rechtsgrond voor de verwerking; d) de betrokken categorieën van persoonsgegevens; e) in voorkomend geval, de ontvangers of categorieën van ontvangers van de persoonsgegevens; f) in…
A52: yes | B52: embedding p73-100 | C52: administratieve geldboete | D52: een administratieve geldboete | E52: geldboete | F52: embedding | H52: administratieve boete | I52: 0.4643 | J52: 90.5 | K52: geldboete | L52: 0.4471 | M52: geldboete van de EU | N52: 0.377 | O52: 1 | P52: 32016R0679:58:2:16 | Q52: …n de certificeringsvereisten wordt voldaan; i) naargelang de omstandigheden van elke zaak, naast of in plaats van de in dit lid bedoelde maatregelen, een administratieve geldboete opleggen op grond van artikel 83; en j) de opschorting van gegevensstromen naar een ontvanger in een derde land of naar een internationale organisati…
A53: yes | B53: embedding p73-100 | C53: verzoek | D53: aan het verzoek | E53: verzoek | F53: embedding | H53: verzoekschrift | I53: 0.4606 | J53: 89.5 | K53: verzoek om advies | L53: 0.4222 | M53: verplichting | N53: 0.402 | O53: 2 | P53: 32016R0679:57:4:35 | Q53: … hun repetitieve karakter, kan de toezichthoudende autoriteit op basis van de administratieve kosten een redelijke vergoeding aanrekenen, of weigeren aan het verzoek gevolg te geven. Het is aan de toezichthoudende autoriteit om de kennelijk ongegronde of buitensporige aard van het verzoek aan te tonen.
A54: yes | B54: embedding p73-100 | C54: opgelegde geldboete | D54: de opgelegde geldboete | E54: geldboete | F54: embedding | H54: geldboete | I54: 0.4596 | J54: 89.2 | K54: geldboete van de EU | L54: 0.4094 | M54: bewarend beslag | N54: 0.268 | O54: 3 | P54: 32024R1689:101:5:8 | Q54: …pese Unie heeft volledige rechtsmacht ter zake van beroep tegen besluiten waarbij de Commissie krachtens dit artikel een geldboete vaststelt. Het kan de opgelegde geldboete vernietigen, verlagen of verhogen.
A55: yes | B55: embedding p73-100 | C55: markttoezichtautoriteit | D55: de markttoezichtautoriteit | E55: markttoezichtautoriteit | F55: embedding | H55: markttoezicht | I55: 0.4537 | J55: 87.7 | K55: overheidstoezicht | L55: 0.2726 | M55: toezicht op de onderneming | N55: 0.2535 | O55: 3 | P55: 32024R1689:27:3:5 | Q55: Zodra de in lid 1 van dit artikel bedoelde beoordeling is uitgevoerd, stelt de gebruiksverantwoordelijke de markttoezichtautoriteit in kennis van de resultaten ervan, en dient hij als onderdeel van de kennisgeving het in lid 5 van dit artikel bedoelde ingevulde sjabloon in. In het…
A56: yes | B56: embedding p73-100 | C56: wetgevingsbepalingen | D56: de wetgevingsbepalingen | E56: wetgevingsbepaling | F56: embedding | H56: wettelijke bepaling | I56: 0.4486 | J56: 86.3 | K56: nationale wetgeving | L56: 0.3689 | M56: wetgevingsprocedure van de Europese Unie | N56: 0.3528 | O56: 4 | P56: 32016R0679:83:9:10 | Q56: …istratieve geldboeten. De boeten zijn in elk geval doeltreffend, evenredig en afschrikkend. Die lidstaten delen de Commissie uiterlijk op 25 mei 2018 de wetgevingsbepalingen mee die zij op grond van dit lid vaststellen, alsmede onverwijld alle latere wijzigingen daarvan en alle daarop van invloed zijnde wijzigingswetgevin…
A57: yes | B57: embedding p73-100 | C57: administratieve geldboetes | E57: geldboete | F57: embedding | H57: administratieve boete | I57: 0.4482 | J57: 86.2 | K57: geldboete | L57: 0.4258 | M57: administratieve kosten | N57: 0.3988 | O57: 1 | P57: 32024R1689:57:12:26 | Q57: … waren bij het toezicht op het AI-systeem in de testomgeving en richtsnoeren voor naleving hebben verstrekt, worden met betrekking tot dat recht geen administratieve geldboetes opgelegd.
A58: yes | B58: embedding p73-100 | C58: gebruik | D58: het gebruik ervan | E58: gebruik | F58: embedding | H58: verbruik | I58: 0.4467 | J58: 85.8 | K58: gebruik van het water | L58: 0.4151 | M58: gebruik van de hulp | N58: 0.4074 | O58: 1 | P58: 32024R1689:49:3:5 | Q58: …ties, instellingen, organen of instanties van de Unie, of personen die namens hen optreden, zichzelf en selecteren zij het systeem en registreren zij het gebruik ervan in de in artikel 71 bedoelde EU-databank.
A59: yes | B59: embedding p73-100 | C59: vergadering | D59: een vergadering | E59: vergadering | F59: embedding | H59: parlementaire vergadering | I59: 0.4437 | J59: 85 | K59: parlementsvergadering | L59: 0.4352 | M59: recht van vergadering | N59: 0.4342 | O59: 1 | P59: 32024R1689:67:7:8 | Q59: Het adviesforum belegt minstens twee keer per jaar een vergadering. Het adviesforum kan deskundigen en andere belanghebbenden uitnodigen om zijn vergaderingen bij te wonen.
A60: yes | B60: embedding p73-100 | C60: beoordeling | D60: zijn beoordeling | E60: beoordeling | F60: embedding | H60: projectbeoordeling | I60: 0.4328 | J60: 82.1 | K60: beoordelingsbevoegdheid | L60: 0.4311 | M60: beroepsbeoordeling | N60: 0.4232 | O60: 4 | P60: 32024R1689:6:4:3 | Q60: Een aanbieder die van mening is dat een in bijlage III bedoeld AI-systeem geen hoog risico inhoudt, documenteert zijn beoordeling voordat dat systeem in de handel wordt gebracht of in gebruik wordt gesteld. Die aanbieder is onderworpen aan de registratieverplichting van artikel …
A61: yes | B61: embedding p73-100 | C61: categorieën van persoonsgegevens | D61: de betrokken categorieën van persoonsgegevens | E61: categorie | F61: embedding | H61: gegevensbescherming | I61: 0.4112 | J61: 76.3 | K61: persoonlijke gegevens | L61: 0.3808 | M61: verzameling van gegevens | N61: 0.2945 | O61: 1 | P61: 32016R0679:14:1:5 | Q61: …unctionaris voor gegevensbescherming; c) de verwerkingsdoeleinden waarvoor de persoonsgegevens zijn bestemd, en de rechtsgrond voor de verwerking; d) de betrokken categorieën van persoonsgegevens; e) in voorkomend geval, de ontvangers of categorieën van ontvangers van de persoonsgegevens; f) in voorkomend geval, dat de verwerkingsverantwoordel…
A62: yes | B62: unmapped | C62: beschrijving van de conformiteitsbeoordelingsactiviteiten, de conformiteitsbeoordelingsmodule(s) en de soorten AI-systemen waarvoor de conformiteitsbeoordelingsinstantie verklaart bekwaam te zijn en, indien dit bestaat, van een accreditatiecertificaat dat is afgegeven door een nationale accreditatie-instantie, waarin wordt verklaard dat de conformiteitsbeoordelingsinstantie voldoet aan de eisen | D62: een beschrijving van de conformiteitsbeoordelingsactiviteiten, de conformiteitsbeoordelingsmodule(s) en de soorten AI-systemen waarvoor de conformiteitsbeoordelingsinstantie verklaart bekwaam te zijn en, indien dit bestaat, van een accreditatiecertificaat dat is afgegeven door een nationale accreditatie-instantie, waarin wordt verklaard dat de conformiteitsbeoordelingsinstantie voldoet aan de eisen van artikel 31 | E62: beschrijving | O62: 1 | P62: 32024R1689:29:2:2 | Q62: Het verzoek om aanmelding gaat vergezeld van een beschrijving van de conformiteitsbeoordelingsactiviteiten, de conformiteitsbeoordelingsmodule(s) en de soorten AI-systemen waarvoor de conformiteitsbeoordelingsinstantie verklaart bekwaam te zijn en, indien dit bestaat, van een accreditatiecertificaat dat is afgegeven door een nationale accreditatie-instantie, waarin wordt verklaard dat de conformiteitsbeoordelingsinstantie voldoet aan de eisen van artikel 31. Geldige documenten met betrekking tot bestaande aanwijzingen van de verzoekende aangemelde instantie uit hoofde van andere harmonisatiewetgeving van…
A63: yes | B63: unmapped | C63: bevindingen van de AI-board | D63: de standpunten en bevindingen van de AI-board, het Europees Parlement, de Raad en van andere relevante instanties of bronnen | E63: bevinding | O63: 1 | P63: 32024R1689:112:9:17 | Q63: Bij de uitvoering van de in de leden 1 tot en met 7 vermelde evaluaties en toetsingen neemt de Commissie de standpunten en bevindingen van de AI-board, het Europees Parlement, de Raad en van andere relevante instanties of bronnen in aanmerking.
A64: yes | B64: unmapped | C64: criteria | D64: de volgende criteria | E64: criterium | O64: 4 | P64: 32024R1689:7:2:2 | Q64: Bij de beoordeling van de voorwaarde van lid 1, punt b), houdt de Commissie rekening met de volgende criteria: a) het beoogde doel van het AI-systeem; b) de mate waarin een AI-systeem is gebruikt of waarschijnlijk zal worden gebruikt; c) de aard van en de hoe…
A65: yes | B65: unmapped | C65: door haar geweigerde, opgeschorte of ingetrokken goedkeuringen voor kwaliteitsbeheersystemen | E65: kwaliteitsbeheersystemen | O65: 1 | P65: 32024R1689:45:2:7 | Q65: Elke aangemelde instantie brengt de andere aangemelde instanties op de hoogte van: a) door haar geweigerde, opgeschorte of ingetrokken goedkeuringen voor kwaliteitsbeheersystemen alsmede, op verzoek, van de door haar verleende goedkeuringen voor systemen voor kwaliteitsbeheer; b) beoordelingscertificaten van technische documen…
A66: yes | B66: unmapped | C66: latere wijzigingen en alle van invloed zijnde wijzigingswetgeving | D66: alle latere wijzigingen daarvan en alle daarop van invloed zijnde wijzigingswetgeving | E66: wijziging | O66: 1 | P66: 32016R0679:83:9:11 | Q66: …d. Die lidstaten delen de Commissie uiterlijk op 25 mei 2018 de wetgevingsbepalingen mee die zij op grond van dit lid vaststellen, alsmede onverwijld alle latere wijzigingen daarvan en alle daarop van invloed zijnde wijzigingswetgeving.
A67: yes | B67: unmapped | C67: niveaus van nauwkeurigheid en de relevante maatstaven voor de nauwkeurigheid van AI-systemen met een hoog risico | D67: De niveaus van nauwkeurigheid en de relevante maatstaven voor de nauwkeurigheid van AI-systemen met een hoog risico | E67: niveau | O67: 1 | P67: 32024R1689:15:3:3 | Q67: De niveaus van nauwkeurigheid en de relevante maatstaven voor de nauwkeurigheid van AI-systemen met een hoog risico worden vermeld in de bijbehorende gebruiksaanwijzingen.
A68: yes | B68: unmapped | C68: of meer ondersteunende AI-teststructuren van de Unie | D68: een of meer ondersteunende AI-teststructuren van de Unie | E68: aiteststructuren | O68: 1 | P68: 32024R1689:84:1:1 | Q68: De Commissie wijst een of meer ondersteunende AI-teststructuren van de Unie aan om op het gebied van AI de in artikel 21, lid 6, van Verordening (EU) 2019/1020 vermelde taken uit te voeren.
A69: yes | B69: unmapped | C69: opstellen en het bekendmaken van de criteria voor de accreditatie van een orgaan voor het toezicht op gedragscodes en van een certificeringsorgaan | D69: het opstellen en het bekendmaken van de criteria voor de accreditatie van een orgaan voor het toezicht op gedragscodes op grond van artikel 41 en van een certificeringsorgaan op grond van artikel 43 | E69: criterium | O69: 1 | P69: 32016R0679:57:1:26 | Q69: …ed; o) waar van toepassing verricht zij een periodieke toetsing van de overeenkomstig artikel 42, lid 7, afgegeven certificeringen; p) zij zorgt voor het opstellen en het bekendmaken van de criteria voor de accreditatie van een orgaan voor het toezicht op gedragscodes op grond van artikel 41 en van een certificeringsorgaan op grond van artikel 43; q) zij zorgt voor de accreditatie van een orgaan voor het toezicht op gedragscodes op grond van artikel 41 en van een certificeringsorgaan op grond …
A70: yes | B70: unmapped | C70: volledige beoordeling van de betrokken AI-systemen met een hoog risico | D70: een volledige beoordeling van de betrokken AI-systemen met een hoog risico | E70: beoordeling | O70: 1 | P70: 32024R1689:36:3:5 | Q70: …rop die certificaten betrekking hebben, op zich zal nemen. Die laatste aangemelde instantie verricht vóór het einde van die periode van negen maanden een volledige beoordeling van de betrokken AI-systemen met een hoog risico, alvorens er nieuwe certificaten voor af te leveren. Ingeval de aangemelde instantie haar activiteiten heeft gestaakt, trekt de aanmeldende autoritei…
A71: yes | B71: unmapped | C71: weigering, beperking, schorsing of intrekking van een beoordelingscertificaat technische documentatie van de Unie of een goedkeuring voor systemen voor kwaliteitsbeheer afgegeven overeenkomstig de eisen | D71: weigering, beperking, schorsing of intrekking van een beoordelingscertificaat technische documentatie van de Unie of een goedkeuring voor systemen voor kwaliteitsbeheer afgegeven overeenkomstig de eisen van bijlage VII | E71: weigering | O71: 1 | P71: 32024R1689:45:1:2 | Q71: … de Unie, aanvullingen op die certificaten en goedkeuringen voor systemen voor kwaliteitsbeheer afgegeven overeenkomstig de eisen van bijlage VII; b) weigering, beperking, schorsing of intrekking van een beoordelingscertificaat technische documentatie van de Unie of een goedkeuring voor systemen voor kwaliteitsbeheer afgegeven overeenkomstig de eisen van bijlage VII; c) omstandigheden die van invloed zijn op het toepassingsgebied van of de voorwaarden voor de aanmelding; d) verzoeken om informatie over conformite…
A72: no | B72: phrase | C72: aanbevelingen | D72: adviezen, aanbevelingen en schriftelijke bijdragen | E72: aanbeveling | F72: phrase | G72: aanbeveling | H72: aanbeveling | I72: 0.8 | K72: aanbeveling (EU) | L72: 0.8 | O72: 1 | P72: 32024R1689:67:8:10 | Q72: Het adviesforum kan op verzoek van de AI-board of de Commissie adviezen, aanbevelingen en schriftelijke bijdragen opstellen.
A73: no | B73: phrase | C73: administratieve boetes | E73: boete | F73: phrase | G73: administratief boete | H73: administratieve sanctie | I73: 1 | O73: 1 | P73: 32024R1689:57:12:25 | Q73: …en voor hun deelname eerbiedigen en zich te goeder trouw houden aan de richtsnoeren van de nationale bevoegde autoriteit, leggen de autoriteiten geen administratieve boetes op voor de schending van deze verordening. Wanneer andere bevoegde autoriteiten die verantwoordelijk zijn voor ander Unierecht en nationaal recht act…
A74: no | B74: phrase | C74: advies | D74: technische ondersteuning, advies en instrumenten | E74: advies | F74: phrase | G74: advies | H74: advies | I74: 0.8 | K74: advies (EU) | L74: 0.8 | O74: 15 | P74: 32024R1689:57:1:1 | Q74: …op 2 augustus 2026 operationeel is. Die testomgeving kan ook samen met de bevoegde autoriteiten van andere lidstaten worden opgezet. De Commissie kan technische ondersteuning, advies en instrumenten verstrekken voor de oprichting en werking van AI-testomgevingen voor regelgeving. Aan de verplichting uit hoofde van de eerste alinea kan ook worden …
A75: no | B75: phrase | C75: adviezen | E75: advies | F75: phrase | G75: advies | H75: advies | I75: 0.8 | K75: advies (EU) | L75: 0.8 | O75: 3 | P75: 32024R1689:28:5:9 | Q75: Aanmeldende autoriteiten bieden of verrichten geen activiteiten die worden uitgevoerd door conformiteitsbeoordelingsinstanties en verlenen geen adviezen op commerciële of concurrentiële basis.
A76: no | B76: phrase | C76: agenda | D76: de agenda | E76: agenda | F76: phrase | G76: agenda | H76: agenda | I76: 1 | O76: 2 | P76: 32024R1689:65:8:10 | Q76: …digers van de lidstaten. Het AI-bureau verzorgt het secretariaat van de AI-board, roept op verzoek van de voorzitter de vergaderingen bijeen en stelt de agenda op overeenkomstig de taken van de AI-board krachtens deze verordening en overeenkomstig zijn reglement.
A77: no | B77: phrase | C77: beroepsgeheim | D77: aan het beroepsgeheim | E77: beroepsgeheim | F77: phrase | G77: beroepsgeheim | H77: beroepsgeheim | I77: 1 | O77: 2 | P77: 32024R1689:31:7:6 | Q77: …bezit krijgen vertrouwelijk houden, behalve wanneer de openbaarmaking ervan wettelijk vereist is. Het personeel van aangemelde instanties is gebonden aan het beroepsgeheim ten aanzien van alle informatie waarvan het kennisneemt bij de uitoefening van de taken uit hoofde van deze verordening, behalve ten opzichte van de …
A78: no | B78: phrase | C78: beroepsprocedure | D78: een beroepsprocedure | E78: beroepsprocedure | F78: phrase | G78: beroepsprocedure | H78: beroepsprocedure (EU) | I78: 1 | O78: 1 | P78: 32024R1689:44:3:8 | Q78: …gestelde passende termijn adequate corrigerende actie onderneemt. De aangemelde instantie geeft de redenen voor haar besluit op. Er wordt voorzien in een beroepsprocedure tegen besluiten van de aangemelde instanties, ook inzake afgegeven conformiteitscertificaten.
A79: no | B79: phrase | C79: beslissingen | E79: beslissing | F79: phrase | G79: beslissing | H79: beslissing | I79: 1 | O79: 1 | P79: 32024R1689:14:5:2 | Q79: … als bedoeld in lid 3 van dit artikel zodanig dat zij waarborgen dat daarnaast door de gebruiksverantwoordelijke geen maatregelen worden getroffen of beslissingen worden genomen op basis van de identificatie door het systeem, tenzij deze identificatie door ten minste twee natuurlijke personen met de nodige bekw…
A80: no | B80: phrase | C80: bevoegdheden | D80: de in artikel 14, lid 4, punten d) en j), van die verordening bedoelde bevoegdheden | E80: bevoegdheid | F80: phrase | G80: bevoegdheid | H80: politieke bevoegdheid | I80: 1 | O80: 3 | P80: 32024R1689:74:5:4 | Q80: … krachtens artikel 14 van Verordening (EU) 2019/1020 kunnen markttoezichtautoriteiten met het oog op de doeltreffende handhaving van deze verordening de in artikel 14, lid 4, punten d) en j), van die verordening bedoelde bevoegdheden naargelang van het geval op afstand uitoefenen.
A81: no | B81: phrase | C81: Comité | D81: de andere betrokken toezichthoudende autoriteiten, alsmede het Comité | E81: comité | F81: phrase | G81: comité | H81: comité (EU) | I81: 1 | O81: 3 | P81: 32016R0679:60:7:13 | Q81: …vast en deelt het mee aan de hoofdvestiging of de enige vestiging van de verwerkingsverantwoordelijke of de verwerker, naargelang het geval, en stelt de andere betrokken toezichthoudende autoriteiten, alsmede het Comité in kennis van het besluit in kwestie, voorzien van een samenvatting van de relevante feiten en gronden. De toezichthoudende autoriteit waarbij de kla…
A82: no | B82: phrase | C82: Europees Parlement | D82: de standpunten en bevindingen van de AI-board, het Europees Parlement, de Raad en van andere relevante instanties of bronnen | E82: europees | F82: phrase | G82: europees parlement | H82: Europees Parlement | I82: 1 | O82: 1 | P82: 32024R1689:112:9:17 | Q82: Bij de uitvoering van de in de leden 1 tot en met 7 vermelde evaluaties en toetsingen neemt de Commissie de standpunten en bevindingen van de AI-board, het Europees Parlement, de Raad en van andere relevante instanties of bronnen in aanmerking.
A83: no | B83: phrase | C83: evaluatie | D83: een evaluatie | E83: evaluatie | F83: phrase | G83: evaluatie | H83: evaluatiemethode | I83: 1 | O83: 1 | P83: 32024R1689:112:2:3 | Q83: Uiterlijk op 2 augustus 2028 en vervolgens om de vier jaar verricht de Commissie een evaluatie en brengt zij verslag uit bij het Europees Parlement en de Raad over het volgende: a) de noodzaak om bestaande gebiedsrubrieken uit te breiden of nie…
A84: no | B84: phrase | C84: formulier | D84: het in dit lid bedoelde formulier | E84: formulier | F84: phrase | G84: formulier | H84: formulier | I84: 1 | O84: 2 | P84: 32024R1689:11:1:3 | Q84: …nemingen. Kmo’s, met inbegrip van start-ups, die ervoor kiezen de in bijlage IV vereiste informatie op vereenvoudigde wijze te verstrekken, gebruiken het in dit lid bedoelde formulier. Aangemelde instanties aanvaarden het formulier met het oog op de conformiteitsbeoordeling.
A85: no | B85: phrase | C85: gedragscode | D85: de gedragscode | E85: gedragscood | F85: phrase | G85: gedragscood | H85: gedragscode | I85: 1 | O85: 1 | P85: 32016R0679:40:6:11 | Q85: Wanneer de ontwerpgedragscode, de wijziging of uitbreiding wordt goedgekeurd overeenkomstig lid 5, en indien de gedragscode in kwestie geen betrekking heeft op verwerkingsactiviteiten in verschillende lidstaten, registreert de toezichthoudende autoriteit de gedragscode en …
A86: no | B86: phrase | C86: geldboeten | E86: geldboet | F86: phrase | G86: geldboet | H86: geldboete | I86: 1 | O86: 4 | P86: 32024R1689:80:7:7 | Q86: … systeem is ingedeeld om de toepassing van de vereisten van hoofdstuk III, afdeling 2, te omzeilen, worden aan de aanbieder overeenkomstig artikel 99 geldboeten opgelegd.
A87: no | B87: phrase | C87: Informatie | D87: Informatie of documentatie | E87: informatie | F87: phrase | G87: informatie | H87: informatie | I87: 1 | O87: 2 | P87: 32024R1689:53:7:13 | Q87: Uit hoofde van dit artikel verkregen informatie of documentatie, met inbegrip van bedrijfsgeheimen, worden verwerkt overeenkomstig de in artikel 78 vastgelegde vertrouwelijkheidsverplichtingen.
A88: no | B88: phrase | C88: informatie | D88: ten minste de in lid 6 bepaalde informatie | E88: informatie | F88: phrase | G88: informatie | H88: informatie | I88: 1 | O88: 23 | P88: 32024R1689:5:4:6 | Q88: …arkttoezichtautoriteit en de nationale gegevensbeschermingsautoriteit in overeenstemming met de in lid 5 bedoelde nationale regels. Die melding bevat ten minste de in lid 6 bepaalde informatie en bevat geen gevoelige operationele gegevens.
A89: no | B89: phrase | C89: jaarverslag | D89: een jaarverslag | E89: jaarverslag | F89: phrase | G89: jaarverslag | H89: verslag over de werkzaamheden | I89: 1 | O89: 1 | P89: 32016R0679:71:1:1 | Q89: Het Comité stelt een jaarverslag op over de bescherming van natuurlijke personen met betrekking tot de verwerking in de Unie en, in voorkomend geval, in derde landen en international…
A90: no | B90: phrase | C90: jaarverslagen | E90: jaarverslag | F90: phrase | G90: jaarverslag | H90: verslag over de werkzaamheden | I90: 1 | O90: 5 | P90: 32024R1689:5:6:15 | Q90: … van systemen voor biometrische identificatie op afstand in real time in openbare ruimten met het oog op de rechtshandhaving, dienen bij de Commissie jaarverslagen over dat gebruik in. Daartoe verstrekt de Commissie de lidstaten en de nationale markttoezicht- en gegevensbeschermingsautoriteiten een sjabloon, met…
A91: no | B91: phrase | C91: lidstaten | D91: de Commissie en de lidstaten | E91: lidstaat | F91: phrase | G91: lidstaat | H91: lidstaat | I91: 1 | O91: 5 | P91: 32024R1689:36:7:24 | Q91: …zulks om de voortdurende conformiteit van de in de handel gebrachte AI-systemen met een hoog risico te waarborgen; d) stelt de aanmeldende autoriteit de Commissie en de lidstaten in kennis van certificaten die moeten worden geschorst of ingetrokken; e) verstrekt de aanmeldende autoriteit de nationale bevoegde autoriteiten van …
A92: no | B92: phrase | C92: mandaat | D92: het mandaat | E92: mandaat | F92: phrase | G92: mandaat | H92: mandaat | I92: 1 | O92: 2 | P92: 32024R1689:22:4:3 | Q92: De gemachtigde beëindigt het mandaat indien hij van mening is of redenen heeft om aan te nemen dat de aanbieder in strijd met zijn verplichtingen op grond van deze verordening handelt. H…
A93: no | B93: phrase | C93: merk | D93: zijn naam of merk | E93: merken | F93: phrase | G93: merken | H93: merk | I93: 1 | O93: 1 | P93: 32024R1689:25:1:2 | Q93: …n aanbieder van een AI-systeem met een hoog risico en is hij onderworpen aan de verplichtingen van de aanbieder uit hoofde van artikel 16: a) hij zet zijn naam of merk op een AI-systeem met een hoog risico dat reeds in de handel is gebracht of in gebruik is gesteld, onverminderd contractuele regelingen waarin wordt …
A94: no | B94: phrase | C94: natuurlijke personen | D94: de natuurlijke personen | E94: persoon | F94: phrase | G94: natuurlijk persoon | H94: natuurlijke persoon | I94: 1 | O94: 1 | P94: 32024R1689:26:11:19 | Q94: …rdelijken van in bijlage III bedoelde AI-systemen met een hoog risico die beslissingen met betrekking tot natuurlijke personen nemen of helpen nemen, de natuurlijke personen dat het AI-systeem met een hoog risico op hen wordt toegepast. Op AI-systemen met een hoog risico die voor rechtshandhavingsdoeleinden worden gebruik…
A95: no | B95: phrase | C95: ondersteuning | D95: begeleiding, toezicht en ondersteuning | E95: ondersteuning | F95: phrase | G95: ondersteuning | H95: economische steun | I95: 1 | O95: 1 | P95: 32024R1689:57:6:8 | Q95: De bevoegde autoriteiten verstrekken in voorkomend geval begeleiding, toezicht en ondersteuning binnen de AI-testomgeving voor regelgeving met als doel om risico’s in kaart te brengen, met name met betrekking tot de grondrechten, gezondheid en v…
A96: no | B96: phrase | C96: overeenkomst | D96: De in de leden 3 en 4 bedoelde overeenkomst of andere rechtshandeling | E96: overeenkomst | F96: phrase | G96: overeenkomst | H96: overeenkomst (EU) | I96: 1 | O96: 1 | P96: 32016R0679:28:9:11 | Q96: De in de leden 3 en 4 bedoelde overeenkomst of andere rechtshandeling wordt in schriftelijke vorm, waaronder elektronische vorm, opgesteld.
A97: no | B97: phrase | C97: recht | D97: dat recht | E97: recht | F97: phrase | G97: recht | H97: juridische wetenschap | I97: 1 | O97: 1 | P97: 32016R0679:20:3:5 | Q97: De uitoefening van het in lid 1 van dit artikel bedoelde recht laat artikel 17 onverlet. Dat recht geldt niet voor de verwerking die noodzakelijk is voor de vervulling van een taak van algemeen belang of van een taak in het kader van de uitoefening…
A98: no | B98: phrase | C98: rechten | D98: zijn rechten uit hoofde van deze verordening | E98: recht | F98: phrase | G98: recht | H98: juridische wetenschap | I98: 1 | O98: 2 | P98: 32016R0679:26:3:3 | Q98: Ongeacht de voorwaarden van de in lid 1 bedoelde regeling, kan de betrokkene zijn rechten uit hoofde van deze verordening met betrekking tot en jegens iedere verwerkingsverantwoordelijke uitoefenen.
A99: no | B99: phrase | C99: reglement | D99: zijn reglement | E99: reglement | F99: phrase | G99: reglement | H99: verordening | I99: 1 | O99: 1 | P99: 32024R1689:67:6:4 | Q99: Het adviesforum stelt zijn reglement vast. Het kiest uit zijn leden twee covoorzitters, op basis van de criteria van lid 2. De ambtstermijn van de covoorzitters bedraagt twee jaar en kan…
A100: no | B100: phrase | C100: risico | D100: op de relevante omstandigheden en risico’s | E100: risico | F100: phrase | G100: risico | H100: gedekt risico | I100: 1 | O100: 1 | P100: 32024R1689:15:5:5 | Q100: …van het systeem. De technische oplossingen die gericht zijn op het waarborgen van de cyberbeveiliging van AI-systemen met een hoog risico sluiten aan op de relevante omstandigheden en risico’s. De technische oplossingen voor het aanpakken van AI-specifieke kwetsbaarheden omvatten, waar passend, maatregelen voor het voorkomen, traceren, reag…
...

Sheet Summary
A1: stratum | B1: objects | C1: in sample | D1: judged | E1: correct | F1: partial | G1: wrong | H1: unclear | I1: precision (strict) | J1: precision (lenient)
A2: phrase | B2: =COUNTIFS(Validate!$B$2:$B$875,A2) -> 51 | C2: =COUNTIFS(Validate!$B$2:$B$875,A2,Validate!$A$2:$A$875,"yes") -> 10 | D2: =COUNTIFS(Validate!$B$2:$B$875,A2,Validate!$R$2:$R$875,"<>") -> 0 | E2: =COUNTIFS(Validate!$B$2:$B$875,A2,Validate!$R$2:$R$875,"correct") -> 0 | F2: =COUNTIFS(Validate!$B$2:$B$875,A2,Validate!$R$2:$R$875,"partial") -> 0 | G2: =COUNTIFS(Validate!$B$2:$B$875,A2,Validate!$R$2:$R$875,"wrong") -> 0 | H2: =COUNTIFS(Validate!$B$2:$B$875,A2,Validate!$R$2:$R$875,"unclear") -> 0 | I2: =IFERROR(E2/(D2-H2),"") | J2: =IFERROR((E2+F2)/(D2-H2),"")
A3: head | B3: =COUNTIFS(Validate!$B$2:$B$875,A3) -> 139 | C3: =COUNTIFS(Validate!$B$2:$B$875,A3,Validate!$A$2:$A$875,"yes") -> 10 | D3: =COUNTIFS(Validate!$B$2:$B$875,A3,Validate!$R$2:$R$875,"<>") -> 0 | E3: =COUNTIFS(Validate!$B$2:$B$875,A3,Validate!$R$2:$R$875,"correct") -> 0 | F3: =COUNTIFS(Validate!$B$2:$B$875,A3,Validate!$R$2:$R$875,"partial") -> 0 | G3: =COUNTIFS(Validate!$B$2:$B$875,A3,Validate!$R$2:$R$875,"wrong") -> 0 | H3: =COUNTIFS(Validate!$B$2:$B$875,A3,Validate!$R$2:$R$875,"unclear") -> 0 | I3: =IFERROR(E3/(D3-H3),"") | J3: =IFERROR((E3+F3)/(D3-H3),"")
A4: compound | B4: =COUNTIFS(Validate!$B$2:$B$875,A4) -> 39 | C4: =COUNTIFS(Validate!$B$2:$B$875,A4,Validate!$A$2:$A$875,"yes") -> 10 | D4: =COUNTIFS(Validate!$B$2:$B$875,A4,Validate!$R$2:$R$875,"<>") -> 0 | E4: =COUNTIFS(Validate!$B$2:$B$875,A4,Validate!$R$2:$R$875,"correct") -> 0 | F4: =COUNTIFS(Validate!$B$2:$B$875,A4,Validate!$R$2:$R$875,"partial") -> 0 | G4: =COUNTIFS(Validate!$B$2:$B$875,A4,Validate!$R$2:$R$875,"wrong") -> 0 | H4: =COUNTIFS(Validate!$B$2:$B$875,A4,Validate!$R$2:$R$875,"unclear") -> 0 | I4: =IFERROR(E4/(D4-H4),"") | J4: =IFERROR((E4+F4)/(D4-H4),"")
A5: embedding p20-47 | B5: =COUNTIFS(Validate!$B$2:$B$875,A5) -> 193 | C5: =COUNTIFS(Validate!$B$2:$B$875,A5,Validate!$A$2:$A$875,"yes") -> 10 | D5: =COUNTIFS(Validate!$B$2:$B$875,A5,Validate!$R$2:$R$875,"<>") -> 0 | E5: =COUNTIFS(Validate!$B$2:$B$875,A5,Validate!$R$2:$R$875,"correct") -> 0 | F5: =COUNTIFS(Validate!$B$2:$B$875,A5,Validate!$R$2:$R$875,"partial") -> 0 | G5: =COUNTIFS(Validate!$B$2:$B$875,A5,Validate!$R$2:$R$875,"wrong") -> 0 | H5: =COUNTIFS(Validate!$B$2:$B$875,A5,Validate!$R$2:$R$875,"unclear") -> 0 | I5: =IFERROR(E5/(D5-H5),"") | J5: =IFERROR((E5+F5)/(D5-H5),"")
A6: embedding p47-73 | B6: =COUNTIFS(Validate!$B$2:$B$875,A6) -> 184 | C6: =COUNTIFS(Validate!$B$2:$B$875,A6,Validate!$A$2:$A$875,"yes") -> 10 | D6: =COUNTIFS(Validate!$B$2:$B$875,A6,Validate!$R$2:$R$875,"<>") -> 0 | E6: =COUNTIFS(Validate!$B$2:$B$875,A6,Validate!$R$2:$R$875,"correct") -> 0 | F6: =COUNTIFS(Validate!$B$2:$B$875,A6,Validate!$R$2:$R$875,"partial") -> 0 | G6: =COUNTIFS(Validate!$B$2:$B$875,A6,Validate!$R$2:$R$875,"wrong") -> 0 | H6: =COUNTIFS(Validate!$B$2:$B$875,A6,Validate!$R$2:$R$875,"unclear") -> 0 | I6: =IFERROR(E6/(D6-H6),"") | J6: =IFERROR((E6+F6)/(D6-H6),"")
A7: embedding p73-100 | B7: =COUNTIFS(Validate!$B$2:$B$875,A7) -> 126 | C7: =COUNTIFS(Validate!$B$2:$B$875,A7,Validate!$A$2:$A$875,"yes") -> 10 | D7: =COUNTIFS(Validate!$B$2:$B$875,A7,Validate!$R$2:$R$875,"<>") -> 0 | E7: =COUNTIFS(Validate!$B$2:$B$875,A7,Validate!$R$2:$R$875,"correct") -> 0 | F7: =COUNTIFS(Validate!$B$2:$B$875,A7,Validate!$R$2:$R$875,"partial") -> 0 | G7: =COUNTIFS(Validate!$B$2:$B$875,A7,Validate!$R$2:$R$875,"wrong") -> 0 | H7: =COUNTIFS(Validate!$B$2:$B$875,A7,Validate!$R$2:$R$875,"unclear") -> 0 | I7: =IFERROR(E7/(D7-H7),"") | J7: =IFERROR((E7+F7)/(D7-H7),"")
A8: unmapped | B8: =COUNTIFS(Validate!$B$2:$B$875,A8) -> 142 | C8: =COUNTIFS(Validate!$B$2:$B$875,A8,Validate!$A$2:$A$875,"yes") -> 10 | D8: =COUNTIFS(Validate!$B$2:$B$875,A8,Validate!$R$2:$R$875,"<>") -> 0 | E8: =COUNTIFS(Validate!$B$2:$B$875,A8,Validate!$R$2:$R$875,"correct") -> 0 | F8: =COUNTIFS(Validate!$B$2:$B$875,A8,Validate!$R$2:$R$875,"partial") -> 0 | G8: =COUNTIFS(Validate!$B$2:$B$875,A8,Validate!$R$2:$R$875,"wrong") -> 0 | H8: =COUNTIFS(Validate!$B$2:$B$875,A8,Validate!$R$2:$R$875,"unclear") -> 0 | I8: =IFERROR(E8/(D8-H8),"") | J8: =IFERROR((E8+F8)/(D8-H8),"")
A9: total | B9: =SUM(B2:B8) -> 874 | C9: =SUM(C2:C8) -> 70 | D9: =SUM(D2:D8) -> 0 | E9: =SUM(E2:E8) -> 0 | F9: =SUM(F2:F8) -> 0 | G9: =SUM(G2:G8) -> 0 | H9: =SUM(H2:H8) -> 0 | I9: =IFERROR(E9/(D9-H9),"") | J9: =IFERROR((E9+F9)/(D9-H9),"")
A11: Precision excludes 'unclear'. Strict = correct only; lenient = correct + partial.
A12: For 'unmapped', precision means: share of objects rightly left unmapped.
A13: Embedding bands split the range above the fallback percentile (20) into three equal parts.
A14: Precision on a sample of ~10 per stratum is a rough indication (±15 points or so); judge more rows where decisions depend on it.

Sheet Norms
A1: norm_id | B1: object | C1: units | D1: level | E1: cand_1 | F1: conf_1 | G1: cand_2 | H1: cand_3
A2: 32024R1689:4:whole:1 | B2: maatregelen | C2: maatregelen | D2: embedding | E2: bestuursmaatregel | F2: 0.3025 | G2: verkeersregels | H2: gezondheidsregels
A3: 32024R1689:4:whole:2 | B3: hun technische kennis, ervaring, onderwijs en opleiding en de context waarin de AI-systemen zullen worden gebruikt, evenals met de personen of groepen personen ten aanzien van wie de AI-systemen zullen worden gebruikt | C3: technische kennis, ervaring, onderwijs en opleiding en de context waarin de AI-systemen zullen worden gebruikt, evenals met de personen of groepen personen ten aanzien van wie de AI-systemen zullen worden gebruikt
A4: 32024R1689:5:2:1 | B4: noodzakelijke en evenredige waarborgen en voorwaarden | C4: noodzakelijke en evenredige waarborgen | voorwaarden | D4: head | E4: vooruitbetaling | F4: 0.8 | G4: arbeidsvoorwaarden | H4: prijsregels
A5: 32024R1689:5:2:2 | B5: Het gebruik van systemen voor biometrische identificatie op afstand in real time in openbare ruimten met het oog op de rechtshandhaving | C5: systemen voor biometrische identificatie op afstand in real time in openbare ruimten met het oog op de rechtshandhaving
A6: 32024R1689:5:2:3 | B6: het volgende
A7: 32024R1689:5:2:4 | B7: met het gebruik van dergelijke systemen | C7: systemen | D7: embedding | E7: styreen | F7: 0.2157 | G7: systeemexpert
A8: 32024R1689:5:2:5 | B8: Het gebruik van het systeem voor biometrische identificatie op afstand in real time in openbare ruimten | C8: systeem voor biometrische identificatie op afstand in real time in openbare ruimten
A9: 32024R1689:5:4:6 | B9: ten minste de in lid 6 bepaalde informatie | C9: informatie | D9: phrase | E9: informatie | F9: 1
A10: 32024R1689:5:4:7 | B10: gevoelige operationele gegevens | C10: gevoelige operationele gegevens | D10: embedding | E10: transactionele gegevens | F10: 0.3179 | G10: gevoelig gebied | H10: machineleesbare gegevens
A11: 32024R1689:5:4:8 | B11: elk gebruik van een systeem voor biometrische identificatie op afstand in real time in openbare ruimten met het oog op de rechtshandhaving | C11: systeem voor biometrische identificatie op afstand in real time in openbare ruimten met het oog op de rechtshandhaving
A12: 32024R1689:5:5:9 | B12: om te voorzien in de mogelijkheid om volledig of gedeeltelijk toestemming te verlenen voor het gebruik van systemen voor biometrische identificatie op afstand in real time in openbare ruimten met het oog op de rechtshandhaving | C12: mogelijkheid om volledig of gedeeltelijk toestemming te verlenen voor het gebruik van systemen voor biometrische identificatie op afstand in real time in openbare ruimten met het oog op de rechtshandhaving
A13: 32024R1689:5:5:10 | B13: de noodzakelijke gedetailleerde regels | C13: noodzakelijke gedetailleerde regels | D13: embedding | E13: betere regelgeving | F13: 0.2895 | G13: verkeersregels | H13: verkeersvoorschriften
A14: 32024R1689:5:5:11 | B14: de Commissie | C14: Commissie | D14: embedding | E14: Commissie Statistiek | F14: 0.4103 | G14: conferentie | H14: comitologie
A15: 32024R1689:5:5:12 | B15: restrictievere wetgeving inzake het gebruik van systemen voor biometrische identificatie op afstand | C15: restrictievere wetgeving inzake het gebruik van systemen voor biometrische identificatie op afstand | D15: head | E15: wetgeving | F15: 0.8
A16: 32024R1689:5:5:13 | B16: voor welke doelstellingen van lid 1, eerste alinea, punt h), en voor welke strafbare feiten als bedoeld in punt h), iii), daarvan de bevoegde autoriteiten deze systemen mogen gebruiken met het oog op de rechtshandhaving | C16: welke doelstellingen en voor welke strafbare feiten de bevoegde autoriteiten deze systemen mogen gebruiken met het oog op de rechtshandhaving | D16: compound | E16: telling | F16: 0.6
A17: 32024R1689:5:6:14 | B17: een sjabloon | C17: sjabloon | D17: embedding | E17: sojaboon | F17: 0.3099
A18: 32024R1689:5:6:15 | B18: jaarverslagen | C18: jaarverslagen | D18: phrase | E18: verslag over de werkzaamheden | F18: 1
A19: 32024R1689:5:7:16 | B19: jaarverslagen | C19: jaarverslagen | D19: phrase | E19: verslag over de werkzaamheden | F19: 1
A20: 32024R1689:5:7:17 | B20: gevoelige operationele gegevens | C20: gevoelige operationele gegevens | D20: embedding | E20: transactionele gegevens | F20: 0.3179 | G20: gevoelig gebied | H20: machineleesbare gegevens
A21: 32024R1689:6:1:1 | B21: een AI-systeem als AI-systeem met een hoog risico | C21: AI-systeem als AI-systeem met een hoog risico
A22: 32024R1689:6:4:2 | B22: de documentatie van de beoordeling | C22: documentatie van de beoordeling | D22: head | E22: documentatie | F22: 0.8
A23: 32024R1689:6:4:3 | B23: zijn beoordeling | C23: beoordeling | D23: embedding | E23: projectbeoordeling | F23: 0.4328 | G23: beoordelingsbevoegdheid | H23: beroepsbeoordeling
A24: 32024R1689:6:4:4 | B24: de registratieverplichting van artikel 49, lid 2 | C24: registratieverplichting | D24: compound | E24: contract | F24: 0.6
A25: 32024R1689:6:5:5 | B25: richtsnoeren | C25: richtsnoeren | D25: embedding | E25: snoeien | F25: 0.2049
A26: 32024R1689:6:6:6 | B26: gedelegeerde handelingen | C26: gedelegeerde handelingen | D26: embedding | E26: gedelegeerde verordening | F26: 0.4057 | G26: gedelegeerde wetgeving | H26: gedelegeerd besluit
A27: 32024R1689:6:7:7 | B27: gedelegeerde handelingen | C27: gedelegeerde handelingen | D27: embedding | E27: gedelegeerde verordening | F27: 0.4057 | G27: gedelegeerde wetgeving | H27: gedelegeerd besluit
A28: 32024R1689:7:1:1 | B28: gedelegeerde handelingen | C28: gedelegeerde handelingen | D28: embedding | E28: gedelegeerde verordening | F28: 0.4057 | G28: gedelegeerde wetgeving | H28: gedelegeerd besluit
A29: 32024R1689:7:2:2 | B29: de volgende criteria | C29: criteria
A30: 32024R1689:7:3:3 | B30: gedelegeerde handelingen | C30: gedelegeerde handelingen | D30: embedding | E30: gedelegeerde verordening | F30: 0.4057 | G30: gedelegeerde wetgeving | H30: gedelegeerd besluit
A31: 32024R1689:8:1:1 | B31: de eisen van deze afdeling | C31: eisen | D31: embedding | E31: ei | F31: 0.2589
A32: 32024R1689:8:1:2 | B32: het in artikel 9 bedoelde systeem voor risicobeheer | C32: systeem voor risicobeheer | D32: embedding | E32: risicobeheer | F32: 0.4629 | G32: wetenschappelijk risicobeheer | H32: bedrijfsbeheerssysteem
A33: 32024R1689:8:2:3 | B33: dat hun product volledig voldoet aan alle toepasselijke vereisten uit hoofde van de toepasselijke harmonisatiewetgeving van de Unie | C33: product volledig voldoet aan alle toepasselijke vereisten uit hoofde van de toepasselijke harmonisatiewetgeving van de Unie
A34: 32024R1689:8:2:4 | B34: de nodige test- en rapportageprocessen en door hen verstrekte informatie en documentatie over hun product | C34: nodige test- en rapportageprocessen en door hen verstrekte informatie en documentatie over hun product | D34: embedding | E34: informatie en documentatie | F34: 0.2916 | G34: Registratie en beoordeling van en autorisatie en beperkingen ten aanzien van chemische stoffen | H34: onderzoek en ontwikkeling
A35: 32024R1689:9:1:1 | B35: een systeem voor risicobeheer | C35: systeem voor risicobeheer | D35: embedding | E35: risicobeheer | F35: 0.4629 | G35: wetenschappelijk risicobeheer | H35: bedrijfsbeheerssysteem
A36: 32024R1689:9:1:2 | B36: een systeem voor risicobeheer | C36: systeem voor risicobeheer | D36: embedding | E36: risicobeheer | F36: 0.4629 | G36: wetenschappelijk risicobeheer | H36: bedrijfsbeheerssysteem
A37: 32024R1689:9:1:3 | B37: een systeem voor risicobeheer | C37: systeem voor risicobeheer | D37: embedding | E37: risicobeheer | F37: 0.4629 | G37: wetenschappelijk risicobeheer | H37: bedrijfsbeheerssysteem
A38: 32024R1689:9:1:4 | B38: een systeem voor risicobeheer | C38: systeem voor risicobeheer | D38: embedding | E38: risicobeheer | F38: 0.4629 | G38: wetenschappelijk risicobeheer | H38: bedrijfsbeheerssysteem
A39: 32024R1689:9:4:5 | B39: de effecten en mogelijke wisselwerking die voortvloeien uit de gecombineerde toepassing van de in deze afdeling uiteengezette eisen | C39: effecten en mogelijke wisselwerking die voortvloeien uit de gecombineerde toepassing van de uiteengezette eisen | D39: head | E39: effecten | F39: 0.8
A40: 32024R1689:9:5:6 | B40: zodanig dat het desbetreffende restrisico in verband met elk gevaar en het totale restrisico van de AI-systemen met een hoog risico aanvaardbaar wordt geacht | C40: restrisico in verband met elk gevaar en het totale restrisico van de AI-systemen met een hoog risico aanvaardbaar wordt geacht
A41: 32024R1689:9:5:7 | B41: het volgende
A42: 32024R1689:9:5:8 | B42: van op grond van lid 2 vastgestelde en geëvalueerde risico’s | C42: vastgestelde en geëvalueerde risico’s | D42: head | E42: gedekt risico | F42: 0.8
A43: 32024R1689:9:5:9 | B43: adequate maatregelen voor beperking en controle | C43: adequate maatregelen voor beperking en controle | D43: embedding | E43: maatregelen ter beperking van buitenlandse investeringen | F43: 0.2674 | G43: maatregelen tegen sociale uitsluiting | H43: afschaffing van beperkingen
A44: 32024R1689:9:5:10 | B44: van op grond van artikel 13 vereiste informatie en waar passend opleiding | C44: vereiste informatie | waar passend opleiding | D44: head | E44: informatie | F44: 0.8 | G44: opleiding
A45: 32024R1689:9:5:11 | B45: aan de te verwachten technische kennis, ervaring, scholing en opleiding van de gebruiksverantwoordelijke en de vermoedelijke context waarin het systeem dient te worden gebruikt | C45: technische kennis, ervaring, scholing en opleiding van de gebruiksverantwoordelijke en de vermoedelijke context waarin het systeem dient te worden gebruikt
A46: 32024R1689:9:6:12 | B46: AI-systemen met een hoog risico | C46: AI-systemen met een hoog risico | D46: embedding | E46: Europees Comité voor systeemrisico's | F46: 0.2177
A47: 32024R1689:9:6:13
A48: 32024R1689:9:7:14 | B48: De testprocedures | C48: testprocedures | D48: embedding | E48: test | F48: 0.3137
A49: 32024R1689:9:8:15 | B49: Het testen van AI-systemen met een hoog risico | C49: AI-systemen met een hoog risico | D49: embedding | E49: Europees Comité voor systeemrisico's | F49: 0.2177
A50: 32024R1689:9:8:16
A51: 32024R1689:9:9:17 | B51: met de vraag of het beoogde doel van het AI-systeem met een hoog risico waarschijnlijk negatieve gevolgen zal hebben voor personen jonger dan 18 jaar en, in voorkomend geval, voor andere kwetsbare groepen | C51: vraag of het beoogde doel van het AI-systeem met een hoog risico waarschijnlijk negatieve gevolgen zal hebben voor personen jonger dan 18 jaar en, in voorkomend geval, voor andere kwetsbare groepen | D51: head | E51: vraag en aanbod | F51: 0.8
A52: 32024R1689:10:1:1 | B52: AI-systemen met een hoog risico die technieken gebruiken die het trainen van AI-modellen met data omvatten | C52: AI-systemen met een hoog risico die technieken gebruiken die het trainen van AI-modellen met data omvatten
A53: 32024R1689:10:3:2 | B53: de passende statistische kenmerken | C53: passende statistische kenmerken | D53: embedding | E53: demografische statistiek | F53: 0.2923 | G53: statistisch overzicht | H53: statistische nomenclatuur
A54: 32024R1689:10:3:3 | B54: relevant, voldoende representatief, en zoveel mogelijk foutenvrij en volledig
A55: 32024R1689:10:3:4
A56: 32024R1689:10:4:5 | B56: de eigenschappen of elementen die specifiek zijn voor een bepaalde geografische, contextuele, functionele of gedragsomgeving waarin het AI-systeem met een hoog risico moet worden gebruikt | C56: eigenschappen of elementen die specifiek zijn voor een bepaalde geografische, contextuele, functionele of gedragsomgeving waarin het AI-systeem met een hoog risico moet worden gebruikt
A57: 32024R1689:10:5:6 | B57: uitzonderlijk bijzondere categorieën persoonsgegevens | C57: uitzonderlijk bijzondere categorieën persoonsgegevens | D57: embedding | E57: persoonlijke gegevens | F57: 0.3002 | G57: bijzondere trekkingsrechten | H57: gegevensbescherming
A58: 32024R1689:10:5:7 | B58: aan technische beperkingen voor het hergebruik van persoonsgegevens, en geavanceerde beveiligings- en privacybeschermingsmaatregelen, waaronder pseudonimisering | C58: technische beperkingen voor het hergebruik van persoonsgegevens, en geavanceerde beveiligings- en privacybeschermingsmaatregelen, waaronder pseudonimisering | D58: embedding | E58: Registratie en beoordeling van en autorisatie en beperkingen ten aanzien van chemische stoffen | F58: 0.2009
A59: 32024R1689:10:5:8 | B59: aan maatregelen om ervoor te zorgen dat de verwerkte persoonsgegevens worden beveiligd, beschermd met passende waarborgen, waaronder strikte controles en documentatie van de toegang ertoe, om misbruik te voorkomen en ervoor te zorgen dat alleen personen die gemachtigd zijn toegang tot die persoonsgegevens hebben met passende vertrouwelijkheidsverplichtingen | C59: maatregelen om ervoor te zorgen dat de verwerkte persoonsgegevens worden beveiligd, beschermd met passende waarborgen, waaronder strikte controles en documentatie van de toegang, om misbruik te voorkomen en ervoor te zorgen dat alleen personen die gemachtigd zijn toegang tot die persoonsgegevens hebben met passende vertrouwelijkheidsverplichtingen | D59: embedding | E59: gegevensbescherming | F59: 0.205
A60: 32024R1689:10:5:9
A61: 32024R1689:10:5:10 | B61: de redenen waarom de verwerking van bijzondere categorieën persoonsgegevens strikt noodzakelijk was om vertekeningen op te sporen en waarom die doelstelling niet kon worden bereikt door de verwerking van andere data | C61: redenen waarom de verwerking van bijzondere categorieën persoonsgegevens strikt noodzakelijk was om vertekeningen op te sporen en waarom die doelstelling niet kon worden bereikt door de verwerking van andere data
A62: 32024R1689:10:5:11 | B62: alle volgende voorwaarden | C62: voorwaarden | D62: embedding | E62: arbeidsvoorwaarden | F62: 0.3831 | G62: prijsregels | H62: prijsovereenkomst
A63: 32024R1689:10:5:12 | B63: de opsporing en correctie van vooringenomenheid | C63: opsporing van vooringenomenheid | correctie | D63: embedding | E63: misbruik van voorkennis | F63: 0.3428 | G63: opsporingsvergunning | H63: voorkoming van verontreiniging
A64: 32024R1689:10:5:13
A65: 32024R1689:11:1:1 | B65: de elementen van de in bijlage IV gespecificeerde technische documentatie | C65: elementen van de gespecificeerde technische documentatie | D65: embedding | E65: technische documentatie | F65: 0.4124 | G65: technische specificatie | H65: technische voorschriften
A66: 32024R1689:11:1:2 | B66: een vereenvoudigd formulier voor technische documentatie | C66: vereenvoudigd formulier voor technische documentatie | D66: head | E66: formulier | F66: 0.8
A67: 32024R1689:11:1:3 | B67: het in dit lid bedoelde formulier | C67: formulier | D67: phrase | E67: formulier | F67: 1
A68: 32024R1689:11:1:4 | B68: het formulier | C68: formulier | D68: phrase | E68: formulier | F68: 1
A69: 32024R1689:11:1:5 | B69: De technische documentatie van een AI-systeem met een hoog risico | C69: technische documentatie van een AI-systeem met een hoog risico | D69: head | E69: documentatie | F69: 0.8
A70: 32024R1689:11:1:6 | B70: De technische documentatie | C70: technische documentatie | D70: phrase | E70: documentatie | F70: 1
A71: 32024R1689:11:1:7 | B71: De technische documentatie | C71: technische documentatie | D71: phrase | E71: documentatie | F71: 1
A72: 32024R1689:11:1:8 | B72: dat het AI-systeem met een hoog risico in overeenstemming is met de eisen van deze afdeling | C72: AI-systeem met een hoog risico in overeenstemming is met de eisen
A73: 32024R1689:11:1:9 | B73: over de noodzakelijke, op heldere en begrijpelijke wijze gestelde informatie | C73: noodzakelijke, op heldere en begrijpelijke wijze gestelde informatie | D73: head | E73: informatie | F73: 0.8
A74: 32024R1689:11:1:10 | B74: ten minste de in bijlage IV uiteengezette elementen | C74: uiteengezette elementen | D74: embedding | E74: samengesteld materiaal | F74: 0.2594
A75: 32024R1689:11:2:11 | B75: een enkel technisch document | C75: enkel technisch document | D75: head | E75: document | F75: 0.8
A76: 32024R1689:11:3:12 | B76: gedelegeerde handelingen | C76: gedelegeerde handelingen | D76: embedding | E76: gedelegeerde verordening | F76: 0.4057 | G76: gedelegeerde wetgeving | H76: gedelegeerd besluit
A77: 32024R1689:12:2:1 | B77: gebeurtenissen te registreren | C77: gebeurtenissen te registreren | D77: embedding | E77: registratie van documenten | F77: 0.3331 | G77: registratie van een voertuig | H77: bevolkingsregistratie
A78: 32024R1689:12:3:2 | B78: de loggingcapaciteiten | C78: loggingcapaciteiten | D78: embedding | E78: opslagcapaciteit | F78: 0.2559 | G78: productiecapaciteit
A79: 32024R1689:13:2:1 | B79: gebruiksinstructies | C79: gebruiksinstructies | D79: embedding | E79: gebruiksaanwijzing | F79: 0.4466 | G79: hulp aan de gebruiker | H79: gebruiken en tradities
A80: 32024R1689:14:5:1 | B80: maatregelen | C80: maatregelen | D80: embedding | E80: bestuursmaatregel | F80: 0.3025 | G80: verkeersregels | H80: gezondheidsregels
A81: 32024R1689:14:5:2 | B81: beslissingen | C81: beslissingen | D81: phrase | E81: beslissing | F81: 1
A82: 32024R1689:14:5:3 | B82: Het vereiste van een afzonderlijke verificatie door ten minste twee natuurlijke personen | C82: vereiste van een afzonderlijke verificatie door ten minste twee natuurlijke personen
A83: 32024R1689:15:1:1
A84: 32024R1689:15:2:2 | B84: de ontwikkeling van benchmarks en meetmethoden | C84: ontwikkeling van benchmarks en meetmethoden | D84: embedding | E84: onderzoek en ontwikkeling | F84: 0.2896 | G84: benchmarking
A85: 32024R1689:15:3:3 | B85: De niveaus van nauwkeurigheid en de relevante maatstaven voor de nauwkeurigheid van AI-systemen met een hoog risico | C85: niveaus van nauwkeurigheid en de relevante maatstaven voor de nauwkeurigheid van AI-systemen met een hoog risico
A86: 32024R1689:15:5:4 | B86: pogingen van ongeautoriseerde derden om het gebruik, de outputs of de prestaties ervan te wijzigen door gebruik te maken van de kwetsbaarheden van het systeem | C86: pogingen van ongeautoriseerde derden om het gebruik, de outputs of de prestaties te wijzigen door gebruik te maken van de kwetsbaarheden van het systeem
A87: 32024R1689:15:5:5 | B87: op de relevante omstandigheden en risico’s | C87: relevante omstandigheden ’s | risico | D87: phrase | E87: gedekt risico | F87: 1 | G87: verzachtende omstandigheid | H87: sociaal-economische omstandigheden
A88: 32024R1689:15:5:6 | B88: maatregelen voor het voorkomen, traceren, reageren op, oplossen en beheersen van aanvallen waarmee een poging wordt gedaan tot het manipuleren van de dataset voor de training (de zogenaamde “datavervuiling”), van vooraf getrainde componenten die in de training zijn gebruikt (de zogenaamde “modelvervuiling”), van input die is gecreëerd om fouten van het model te veroorzaken (zogenaamde “vijandige voorbeelden” of “modelontwijking”), van aanvallen om vertrouwelijke gegevens te bemachtigen of van tekortkomingen van het model | C88: maatregelen voor het voorkomen, traceren, reageren op, oplossen en beheersen van aanvallen waarmee een poging wordt gedaan tot het manipuleren van de dataset voor de training (de zogenaamde datavervuiling), van vooraf getrainde componenten die in de training zijn gebruikt (de zogenaamde modelvervuiling), van input die is gecreëerd om fouten van het model te veroorzaken (zogenaamde vijandige voorbeelden of modelontwijking), van aanvallen om vertrouwelijke gegevens te bemachtigen of van tekortkomingen van het model
A89: 32024R1689:16:whole:1 | B89: hun naam, geregistreerde handelsnaam of geregistreerd merk | C89: naam, geregistreerde handelsnaam of geregistreerd merk | D89: embedding | E89: handelsnaam | F89: 0.3499 | G89: Wetboek van Koophandel | H89: handelsvergunning
A90: 32024R1689:16:whole:2 | B90: een systeem voor kwaliteitsbeheer | C90: systeem voor kwaliteitsbeheer | D90: embedding | E90: kwaliteitscontrole | F90: 0.4107 | G90: kwaliteitsbeheersing van industrieproducten | H90: bedrijfsbeheerssysteem
A91: 32024R1689:16:whole:3 | B91: de in artikel 18 bedoelde documentatie | C91: documentatie | D91: phrase | E91: documentatie | F91: 1
A92: 32024R1689:16:whole:4 | B92: de in artikel 19 bedoelde logs | C92: logs | D92: embedding | E92: logboek | F92: 0.2201
A93: 32024R1689:16:whole:5 | B93: een EU-conformiteitsverklaring | C93: EU-conformiteitsverklaring | D93: embedding | E93: Europese convergentie | F93: 0.4391 | G93: EU-wetgevingsprocedure | H93: adequaatheidsbesluit (EU)
A94: 32024R1689:16:whole:6 | B94: de CE-markering | C94: CE-markering | D94: embedding | E94: CE-conformiteitsmerk | F94: 0.3829
A95: 32024R1689:16:whole:7 | B95: de registratieverplichtingen als bedoeld in artikel 49, lid 1 | C95: registratieverplichtingen | D95: compound | E95: contract | F95: 0.6
A96: 32024R1689:16:whole:8 | B96: de noodzakelijke corrigerende maatregelen | C96: noodzakelijke corrigerende maatregelen
A97: 32024R1689:16:whole:9 | B97: de uit hoofde van artikel 20 vereiste informatie | C97: vereiste informatie | D97: head | E97: informatie | F97: 0.8
A98: 32024R1689:16:whole:10 | B98: de overeenstemming | C98: overeenstemming | D98: compound | E98: stemming | F98: 0.6
A99: 32024R1689:16:whole:11 | B99: hun AI-systemen met een hoog risico | C99: AI-systemen met een hoog risico | D99: embedding | E99: Europees Comité voor systeemrisico's | F99: 0.2177
A100: 32024R1689:16:whole:12 | B100: het AI-systeem met een hoog risico | C100: AI-systeem met een hoog risico | D100: embedding | E100: Europees Comité voor systeemrisico's | F100: 0.2425
...
