Workbook

Sheet Review
A1: # | B1: Norm A | C1: Object A | D1: Matched unit A | E1: Norm B | F1: Object B | G1: Matched unit B | H1: Same thing? | I1: Relation type | J1: Note | K1: Stratum | L1: Score | M1: Key relation | N1: Key | O1: Spec | P1: Direction
A2: 1 | B2: 32016R0679:40:5:9 | C2: advies | D2: advies | E2: 32016R0679:40:8:15 | F2: zijn advies | G2: advies | K2: 0.50-0.75 head | L2: 0.5642 | M2: head | N2: advies | O2: 0.5642 | P2: same
A3: 2 | B3: 32016R0679:60:10:25 | C3: de door hem met het oog op de naleving van het besluit getroffen maatregelen | D3: door hem met het oog op de naleving van het besluit getroffen maatregelen | E3: 32024R1689:5:5:13 | F3: voor welke doelstellingen van lid 1, eerste alinea, punt h), en voor welke strafbare feiten als bedoeld in punt h), iii), daarvan de bevoegde autoriteiten deze systemen mogen gebruiken met het oog op de rechtshandhaving | G3: welke doelstellingen en voor welke strafbare feiten de bevoegde autoriteiten deze systemen mogen gebruiken met het oog op de rechtshandhaving | K3: 0.50-0.75 noun | L3: 0.508 | M3: noun | N3: oog | O3: 0.7257 | P3: none
A4: 3 | B4: 32016R0679:58:3:23 | C4: certificeringen | D4: certificeringen | E4: 32024R1689:58:3:4 | F4: diensten die aan het inzetten voorafgaan, zoals begeleiding bij de uitvoering van deze verordening, op andere diensten die waarde toevoegen, zoals hulp bij normalisatiedocumenten en certificering, test- en experimenteervoorzieningen, Europese digitale-innovatiehubs en kenniscentra | G4: diensten die aan het inzetten voorafgaan, zoals begeleiding bij de uitvoering op andere diensten die waarde toevoegen, zoals hulp bij normalisatiedocumenten en certificering, test- en experimenteervoorzieningen, Europese digitale-innovatiehubs en kenniscentra | K4: 0.50-0.75 noun | L4: 0.5412 | M4: noun | N4: certificer | O4: 0.7731 | P4: none
A5: 4 | B5: 32016R0679:14:5:13 | C5: passende maatregelen | D5: passende maatregelen | E5: 32016R0679:84:1:1 | F5: de regels inzake andere sancties | G5: regels inzake andere sancties | K5: 0.00-0.50 tail | L5: 0.3116 | M5: tail | N5: regel | O5: 0.3895 | P5: a_narrower
A6: 5 | B6: 32016R0679:14:5:13 | C6: passende maatregelen | D6: passende maatregelen | E6: 32024R1689:15:5:6 | F6: maatregelen voor het voorkomen, traceren, reageren op, oplossen en beheersen van aanvallen waarmee een poging wordt gedaan tot het manipuleren van de dataset voor de training (de zogenaamde “datavervuiling”), van vooraf getrainde componenten die in de training zijn gebruikt (de zogenaamde “modelvervuiling”), van input die is gecreëerd om fouten van het model te veroorzaken (zogenaamde “vijandige voorbeelden” of “modelontwijking”), van aanvallen om vertrouwelijke gegevens te bemachtigen of van tekortkomingen van het model | G6: maatregelen voor het voorkomen, traceren, reageren op, oplossen en beheersen van aanvallen waarmee een poging wordt gedaan tot het manipuleren van de dataset voor de training (de zogenaamde datavervuiling), van vooraf getrainde componenten die in de training zijn gebruikt (de zogenaamde modelvervuiling), van input die is gecreëerd om fouten van het model te veroorzaken (zogenaamde vijandige voorbeelden of modelontwijking), van aanvallen om vertrouwelijke gegevens te bemachtigen of van tekortkomingen van het model | K6: 0.00-0.50 head | L6: 0.4031 | M6: head | N6: maatregel | O6: 0.4031 | P6: b_narrower
A7: 6 | B7: 32016R0679:16:whole:3 | C7: een aanvullende verklaring | D7: aanvullende verklaring | E7: 32024R1689:68:4:4 | F7: een belangenverklaring | G7: belangenverklaring | K7: 0.50-0.75 tail | L7: 0.5522 | M7: tail | N7: verklar | O7: 0.6902 | P7: b_narrower
A8: 7 | B8: 32024R1689:24:2:2 | C8: het AI-systeem met een hoog risico | D8: AI-systeem met een hoog risico | E8: 32024R1689:95:3:2 | F8: op een of meer AI-systemen | G8: of meer AI-systemen | K8: 0.00-0.50 head | L8: 0.4513 | M8: head | N8: aisystem | O8: 0.4513 | P8: a_narrower
A9: 8 | B9: 32024R1689:36:7:22 | C9: onterecht afgegeven certificaten | D9: onterecht afgegeven certificaten | E9: 32024R1689:36:7:24 | F9: de Commissie en de lidstaten | G9: Commissie | lidstaten | K9: zero same-group | L9: 0 | P9: none
A10: 9 | B10: 32024R1689:27:3:7 | C10: de verplichting tot kennisgeving | D10: verplichting tot kennisgeving | E10: 32024R1689:50:4:9 | F10: de transparantieverplichtingen van dit lid | G10: transparantieverplichtingen | K10: 0.00-0.50 eurovoc | L10: 0.4866 | M10: eurovoc | N10: http://eurovoc.europa.eu/164 | O10: 0.5407 | P10: b_narrower
A11: 10 | B11: 32016R0679:36:3:4 | C11: de doeleinden en de middelen van de voorgenomen verwerking | D11: doeleinden | middelen van de voorgenomen verwerking | E11: 32016R0679:36:3:7 | F11: de gegevensbeschermingseffectbeoordeling waarin bij artikel 35 is voorzien | G11: gegevensbeschermingseffectbeoordeling waarin is voorzien | K11: zero same-group | L11: 0 | P11: none
A12: 11 | B12: 32016R0679:58:1:2 | C12: alle voor de uitvoering van haar taken vereiste informatie | D12: voor de uitvoering van haar taken vereiste informatie | E12: 32024R1689:53:7:13 | F12: Informatie of documentatie | G12: Informatie | K12: 0.00-0.50 head | L12: 0.3737 | M12: head | N12: informatie | O12: 0.3737 | P12: a_narrower
A13: 12 | B13: 32016R0679:42:1:1 | C13: de invoering van certificeringsmechanismen voor gegevensbescherming en gegevensbeschermingszegels en -merktekens | D13: certificeringsmechanismen voor gegevensbescherming en gegevensbeschermingszegels en -merktekens | E13: 32016R0679:46:4:5 | F13: het in artikel 63 bedoelde coherentiemechanisme | G13: coherentiemechanisme | K13: 0.50-0.75 tail | L13: 0.5198 | M13: tail | N13: mechanism | O13: 0.6497 | P13: none
A14: 13 | B14: 32016R0679:97:4:5 | C14: de standpunten en bevindingen van het Europees Parlement, van de Raad, en van andere relevante instanties of bronnen | D14: bevindingen van het Europees Parlement | E14: 32024R1689:36:7:20 | F14: een verslag over haar bevindingen | G14: verslag over haar bevindingen | K14: 0.50-0.75 noun | L14: 0.5232 | M14: noun | N14: bevind | O14: 0.7474 | P14: none
A15: 14 | B15: 32024R1689:46:3:5 | C15: De in lid 1 bedoelde toelating | D15: toelating | E15: 32024R1689:46:4:8 | F15: die toelating | G15: toelating | K15: 0.75-1.00 head | L15: 0.7731 | M15: head | N15: toelat | O15: 0.7731 | P15: same
A16: 15 | B16: 32016R0679:59:whole:1 | C16: een verslag over haar activiteiten | D16: verslag over haar activiteiten | E16: 32024R1689:112:6:14 | F16: Dit verslag | G16: verslag | K16: 0.50-0.75 head | L16: 0.5253 | M16: head | N16: verslag | O16: 0.5253 | P16: a_narrower
A17: 16 | B17: 32024R1689:16:whole:6 | C17: de CE-markering | D17: CE-markering | E17: 32024R1689:24:1:1 | F17: of daarop de vereiste CE-markering is aangebracht, of het systeem vergezeld gaat van de in artikel 47 bedoelde EU-conformiteitsverklaring en gebruiksinstructies en of de aanbieder en importeur van dat systeem, naargelang het geval, hun respectievelijke verplichtingen als vastgelegd in artikel 16, punten b) en c), en artikel 23, lid 3, hebben nageleefd | G17: of de vereiste CE-markering is aangebracht, of het systeem vergezeld gaat van de EU-conformiteitsverklaring en gebruiksinstructies en of de aanbieder en importeur van dat systeem, naargelang het geval, hun respectievelijke verplichtingen als vastgelegd hebben nageleefd | K17: 0.75-1.00 head | L17: 0.7731 | M17: head | N17: cemarker | O17: 0.7731 | P17: b_narrower
A18: 17 | B18: 32016R0679:57:4:35 | C18: aan het verzoek | D18: verzoek | E18: 32016R0679:61:4:7 | F18: dit verzoek | G18: verzoek | K18: 0.75-1.00 eurovoc | L18: 0.7606 | M18: eurovoc | N18: http://eurovoc.europa.eu/2363 | O18: 0.8451 | P18: same
A19: 18 | B19: 32016R0679:60:7:11 | C19: het besluit | D19: besluit | E19: 32016R0679:65:3:6 | F19: zijn besluit | G19: besluit | K19: 0.00-0.50 eurovoc | L19: 0.4916 | M19: eurovoc | N19: http://eurovoc.europa.eu/2669 | O19: 0.5462 | P19: same
A20: 19 | B20: 32016R0679:57:1:28 | C20: toestemming | D20: toestemming | E20: 32016R0679:57:3:33 | F20: haar taken | G20: taken | K20: zero same-group | L20: 0 | P20: none
A21: 20 | B21: 32024R1689:71:1:1 | C21: de deskundigen ter zake | D21: deskundigen ter zake | E21: 32024R1689:71:3:5 | F21: De in afdeling C van bijlage VIII vermelde gegevens | G21: gegevens | K21: zero same-group | L21: 0 | P21: none
A22: 21 | B22: 32016R0679:11:1:1 | C22: aanvullende gegevens ter identificatie van de betrokkene bij te houden, te verkrijgen of te verwerken | D22: aanvullende gegevens ter identificatie van de betrokkene bij te houden, te verkrijgen of te verwerken | E22: 32016R0679:36:3:6 | F22: de contactgegevens van de functionaris voor gegevensbescherming | G22: contactgegevens van de functionaris voor gegevensbescherming | K22: 0.00-0.50 eurovoc | L22: 0.4288 | M22: eurovoc | N22: http://eurovoc.europa.eu/5181 | O22: 0.4765 | P22: b_narrower
A23: 22 | B23: 32016R0679:46:4:5 | C23: het in artikel 63 bedoelde coherentiemechanisme | D23: coherentiemechanisme | E23: 32016R0679:57:1:23 | F23: de invoering van certificeringsmechanismen voor gegevensbescherming en van gegevensbeschermingszegels en -merktekens overeenkomstig artikel 42, lid 1 | G23: certificeringsmechanismen voor gegevensbescherming en van gegevensbeschermingszegels en -merktekens | K23: 0.50-0.75 tail | L23: 0.5198 | M23: tail | N23: mechanism | O23: 0.6497 | P23: none
A24: 23 | B24: 32016R0679:52:2:2 | C24: instructies | D24: instructies | E24: 32024R1689:67:8:10 | F24: adviezen, aanbevelingen en schriftelijke bijdragen | G24: aanbevelingen | K24: 0.50-0.75 eurovoc | L24: 0.6958 | M24: eurovoc | N24: http://eurovoc.europa.eu/2926 | O24: 0.7731 | P24: none
A25: 24 | B25: 32016R0679:45:5:5 | C25: het in lid 3 van dit artikel bedoelde besluit | D25: besluit | E25: 32016R0679:65:2:1 | F25: Het in lid 1 bedoelde besluit | G25: besluit | K25: 0.00-0.50 eurovoc | L25: 0.4916 | M25: eurovoc | N25: http://eurovoc.europa.eu/2669 | O25: 0.5462 | P25: same
A26: 25 | B26: 32016R0679:14:1:3 | C26: de contactgegevens van de functionaris voor gegevensbescherming | D26: contactgegevens van de functionaris voor gegevensbescherming | E26: 32016R0679:58:1:4 | F26: alle persoonsgegevens en alle informatie die noodzakelijk is voor de uitvoering van haar taken | G26: persoonsgegevens en alle informatie die noodzakelijk is voor de uitvoering van haar taken | K26: 0.00-0.50 tail | L26: 0.384 | M26: tail | N26: gegev | O26: 0.48 | P26: none
A27: 26 | B27: 32024R1689:49:2:2 | C27: zichzelf en dat systeem | D27: zichzelf en dat systeem | E27: 32024R1689:9:6:12 | F27: AI-systemen met een hoog risico | G27: AI-systemen met een hoog risico | K27: 0.00-0.50 tail | L27: 0.346 | M27: tail | N27: system | O27: 0.4325 | P27: b_narrower
A28: 27 | B28: 32016R0679:39:1:5 | C28: naleving van deze verordening, van andere Unierechtelijke of lidstaatrechtelijke gegevensbeschermingsbepalingen en van het beleid van de verwerkingsverantwoordelijke of de verwerker met betrekking tot de bescherming van persoonsgegevens, met inbegrip van de toewijzing van verantwoordelijkheden, bewustmaking en opleiding van het bij de verwerking betrokken personeel en de betreffende audits | D28: Unierechtelijke of lidstaatrechtelijke gegevensbeschermingsbepalingen en van het beleid van de verwerkingsverantwoordelijke of de verwerker met betrekking tot de bescherming van persoonsgegevens, met inbegrip van de toewijzing van verantwoordelijkheden, bewustmaking en opleiding van het bij de verwerking betrokken personeel en de betreffende audits | E28: 32024R1689:53:1:6 | F28: beleid | G28: beleid | K28: 0.50-0.75 noun | L28: 0.5916 | M28: noun | N28: beleid | O28: 0.8451 | P28: none
A29: 28 | B29: 32016R0679:97:1:1 | C29: een verslag | D29: verslag | E29: 32024R1689:112:6:14 | F29: Dit verslag | G29: verslag | K29: 0.50-0.75 head | L29: 0.5253 | M29: head | N29: verslag | O29: 0.5253 | P29: same
A30: 29 | B30: 32016R0679:40:10:16 | C30: passende bekendheid | D30: passende bekendheid | E30: 32016R0679:57:1:4 | F30: Bijzondere aandacht | G30: Bijzondere aandacht | K30: 0.75-1.00 eurovoc | L30: 0.7606 | M30: eurovoc | N30: http://eurovoc.europa.eu/3329 | O30: 0.8451 | P30: none
A31: 30 | B31: 32024R1689:57:7:11 | C31: aanbieders en potentiële aanbieders die deelnemen aan de AI-testomgeving voor regelgeving | D31: aanbieders en potentiële aanbieders die deelnemen aan de AI-testomgeving voor regelgeving | E31: 32024R1689:59:2:13 | F31: de verwerking van persoonsgegevens in AI-testomgevingen voor regelgeving | G31: verwerking van persoonsgegevens in AI-testomgevingen voor regelgeving | K31: 0.50-0.75 noun | L31: 0.508 | M31: noun | N31: aitestomgev | O31: 0.7257 | P31: none
A32: 31 | B32: 32016R0679:79:2:3 | C32: Een dergelijke procedure | D32: procedure | E32: 32016R0679:81:2:2 | F32: zijn procedure | G32: procedure | K32: 0.50-0.75 eurovoc | L32: 0.5482 | M32: eurovoc | N32: http://eurovoc.europa.eu/2701 | O32: 0.6091 | P32: same
A33: 32 | B33: 32024R1689:81:1:1 | C33: de nationale maatregel | D33: nationale maatregel | E33: 32024R1689:81:1:3 | F33: of de nationale maatregel gerechtvaardigd is | G33: of de nationale maatregel gerechtvaardigd is | K33: 0.50-0.75 eurovoc | L33: 0.7241 | M33: eurovoc | N33: http://eurovoc.europa.eu/5739 | O33: 0.8046 | P33: same
... A38: 37 | B38: 32016R0679:75:6:6 | C38: de communicatie met andere instellingen en het brede publiek | D38: communicatie met andere instellingen | E38: 32024R1689:100:4:4 | F38: de instelling, het orgaan of de instantie van de Unie ten aanzien waarvan hij een procedure voert | G38: instelling, het orgaan of de instantie van de Unie ten aanzien waarvan hij een procedure voert | K38: 0.50-0.75 noun | L38: 0.5916 | M38: noun | N38: instell | O38: 0.8451 | P38: none
A39: 38 | B39: 32016R0679:60:12:28 | C39: de krachtens dit artikel vereiste informatie | D39: vereiste informatie | E39: 32016R0679:60:9:19 | F39: de klager | G39: klager | K39: zero same-group | L39: 0 | P39: none
A40: 39 | B40: 32016R0679:28:9:11 | C40: De in de leden 3 en 4 bedoelde overeenkomst of andere rechtshandeling | D40: rechtshandeling | E40: 32016R0679:43:9:14 | F40: Die uitvoeringshandelingen | G40: uitvoeringshandelingen | K40: 0.00-0.50 tail | L40: 0.384 | M40: tail | N40: handel | O40: 0.48 | P40: none
A41: 40 | B41: 32024R1689:11:1:10 | C41: ten minste de in bijlage IV uiteengezette elementen | D41: uiteengezette elementen | E41: 32024R1689:53:1:5 | F41: de in bijlage XII uiteengezette elementen | G41: uiteengezette elementen | K41: 0.75-1.00 eurovoc | L41: 0.7606 | M41: eurovoc | N41: http://eurovoc.europa.eu/3692 | O41: 0.8451 | P41: same
A42: 41 | B42: 32016R0679:40:11:17 | C42: alle goedgekeurde gedragscodes, wijzigingen en uitbreidingen | D42: wijzigingen | E42: 32016R0679:90:2:3 | F42: alle wijzigingen daarvan | G42: wijzigingen | K42: 0.75-1.00 eurovoc | L42: 0.7606 | M42: eurovoc | N42: http://eurovoc.europa.eu/1439 | O42: 0.8451 | P42: same
A43: 42 | B43: 32016R0679:20:2:4 | C43: de persoonsgegevens | D43: persoonsgegevens | E43: 32016R0679:37:4:5 | F43: een functionaris voor gegevensbescherming | G43: functionaris voor gegevensbescherming | K43: 0.00-0.50 eurovoc | L43: 0.4288 | M43: eurovoc | N43: http://eurovoc.europa.eu/5181 | O43: 0.4765 | P43: none
A44: 43 | B44: 32016R0679:70:1:5 | C44: richtsnoeren, aanbevelingen en beste praktijken | D44: richtsnoeren, aanbevelingen en beste praktijken | E44: 32016R0679:70:1:8 | F44: de praktische toepassing van de in de punten e) en f) bedoelde richtsnoeren, aanbevelingen en beste praktijken | G44: richtsnoeren, aanbevelingen en beste praktijken | K44: 0.75-1.00 head | L44: 0.7731 | M44: head | N44: aanbevel | O44: 0.7731 | P44: same
A45: 44 | B45: 32016R0679:35:6:9 | C45: het in artikel 63 bedoelde coherentiemechanisme | D45: coherentiemechanisme | E45: 32016R0679:46:4:5 | F45: het in artikel 63 bedoelde coherentiemechanisme | G45: coherentiemechanisme | K45: 0.75-1.00 head | L45: 0.8451 | M45: head | N45: coherentiemechanism | O45: 0.8451 | P45: same
A46: 45 | B46: 32024R1689:5:2:2 | C46: Het gebruik van systemen voor biometrische identificatie op afstand in real time in openbare ruimten met het oog op de rechtshandhaving | D46: systemen voor biometrische identificatie op afstand in real time in openbare ruimten met het oog op de rechtshandhaving | E46: 32024R1689:95:3:2 | F46: op een of meer AI-systemen | G46: of meer AI-systemen | K46: 0.00-0.50 tail | L46: 0.346 | M46: tail | N46: system | O46: 0.4325 | P46: b_narrower
A47: 46 | B47: 32016R0679:14:5:13 | C47: passende maatregelen | D47: passende maatregelen | E47: 32024R1689:99:8:13 | F47: regels | G47: regels | K47: 0.00-0.50 tail | L47: 0.3116 | M47: tail | N47: regel | O47: 0.3895 | P47: a_narrower
A48: 47 | B48: 32016R0679:22:1:1 | C48: een uitsluitend op geautomatiseerde verwerking, waaronder profilering, gebaseerd besluit | D48: op geautomatiseerde verwerking, waaronder profilering, gebaseerd besluit | E48: 32016R0679:22:4:2 | F48: De in lid 2 bedoelde besluiten | G48: besluiten | K48: 0.00-0.50 noun | L48: 0.341 | M48: noun | N48: besluit | O48: 0.4872 | P48: none
A49: 48 | B49: 32024R1689:21:1:1 | C49: alle informatie en documentatie die noodzakelijk is om de overeenstemming van het AI-systeem met een hoog risico met de eisen van afdeling 2 aan te tonen | D49: informatie en documentatie die noodzakelijk is om de overeenstemming van het AI-systeem met een hoog risico met de eisen aan te tonen | E49: 32024R1689:55:2:2 | F49: een vermoeden van overeenstemming | G49: vermoeden van overeenstemming | K49: 0.50-0.75 noun | L49: 0.5232 | M49: noun | N49: overeenstemm | O49: 0.7474 | P49: none
A50: 49 | B50: 32024R1689:28:5:8 | C50: activiteiten | D50: activiteiten | E50: 32024R1689:74:11:9 | F50: gezamenlijke activiteiten, waaronder gezamenlijke onderzoeken | G50: gezamenlijke activiteiten, waaronder gezamenlijke onderzoeken | K50: 0.50-0.75 head | L50: 0.5925 | M50: head | N50: activiteit | O50: 0.5925 | P50: b_narrower
A51: 50 | B51: 32024R1689:47:3:8 | C51: één EU-conformiteitsverklaring | D51: één EU-conformiteitsverklaring | E51: 32024R1689:68:4:4 | F51: een belangenverklaring | G51: belangenverklaring | K51: 0.50-0.75 tail | L51: 0.5522 | M51: tail | N51: verklar | O51: 0.6902 | P51: none
A52: 51 | B52: 32024R1689:56:5:5 | C52: de verschillen in omvang en capaciteit tussen de verschillende deelnemers | D52: verschillen in omvang en capaciteit tussen de verschillende deelnemers | E52: 32024R1689:56:7:14 | F52: alle aanbieders van AI-modellen voor algemene doeleinden | G52: aanbieders van AI-modellen voor algemene doeleinden | K52: zero same-group | L52: 0 | P52: none
A53: 52 | B53: 32024R1689:57:11:21 | C53: hun discretionaire bevoegdheden | D53: discretionaire bevoegdheden | E53: 32024R1689:57:12:24 | F53: voor aan derden toegebrachte schade | G53: aan derden toegebrachte schade | K53: zero same-group | L53: 0 | P53: none
A54: 53 | B54: 32016R0679:47:2:2 | C54: minstens de volgende elementen | D54: elementen | E54: 32024R1689:18:1:1 | F54: de volgende elementen | G54: elementen | K54: 0.75-1.00 eurovoc | L54: 0.7606 | M54: eurovoc | N54: http://eurovoc.europa.eu/3809 | O54: 0.8451 | P54: same
A55: 54 | B55: 32016R0679:57:1:21 | C55: advies | D55: advies | E55: 32016R0679:57:1:26 | F55: het opstellen en het bekendmaken van de criteria voor de accreditatie van een orgaan voor het toezicht op gedragscodes op grond van artikel 41 en van een certificeringsorgaan op grond van artikel 43 | G55: opstellen en het bekendmaken van de criteria voor de accreditatie van een orgaan voor het toezicht op gedragscodes en van een certificeringsorgaan | K55: zero same-group | L55: 0 | P55: none
A56: 55 | B56: 32016R0679:52:4:6 | C56: dat elke toezichthoudende autoriteit beschikt over de personele, technische en financiële middelen, en de bedrijfsruimten en infrastructuur die nodig zijn voor het effectief uitvoeren van haar taken en uitoefenen van haar bevoegdheden, waaronder die in het kader van wederzijdse bijstand, samenwerking en deelname aan het Comité | D56: toezichthoudende autoriteit beschikt over de personele, technische en financiële middelen, en de bedrijfsruimten en infrastructuur die nodig zijn voor het effectief uitvoeren van haar taken en uitoefenen van haar bevoegdheden, waaronder die in het kader van wederzijdse bijstand, samenwerking en deelname aan het Comité | E56: 32016R0679:58:6:30 | F56: dat zijn toezichthoudende autoriteit, naast de in lid 1, 2 en 3 bedoelde bevoegdheden bijkomende bevoegdheden heeft | G56: toezichthoudende autoriteit, naast de bevoegdheden bijkomende bevoegdheden heeft | K56: 0.00-0.50 head | L56: 0.4403 | M56: head | N56: autoriteit | O56: 0.4403 | P56: a_narrower
A57: 56 | B57: 32016R0679:33:2:3 | C57: de verwerkingsverantwoordelijke | D57: verwerkingsverantwoordelijke | E57: 32016R0679:36:3:3 | F57: de respectieve verantwoordelijkheden van de verwerkingsverantwoordelijke, bij de verwerking betrokken gezamenlijke verwerkingsverantwoordelijken en verwerkers, in het bijzonder voor verwerking binnen een concern | G57: respectieve verantwoordelijkheden van de verwerkingsverantwoordelijke, bij de verwerking betrokken gezamenlijke verwerkingsverantwoordelijken en verwerkers, in het bijzonder voor verwerking binnen een concern | K57: 0.50-0.75 tail | L57: 0.5024 | M57: tail | N57: verantwoord | O57: 0.628 | P57: a_narrower
A58: 57 | B58: 32016R0679:36:3:4 | C58: de doeleinden en de middelen van de voorgenomen verwerking | D58: middelen van de voorgenomen verwerking | E58: 32024R1689:59:1:10 | F58: de logbestanden van de verwerking van persoonsgegevens in het kader van de testomgeving | G58: logbestanden van de verwerking van persoonsgegevens in het kader van de testomgeving | K58: 0.00-0.50 noun | L58: 0.3611 | M58: noun | N58: verwerk | O58: 0.5159 | P58: none
A59: 58 | B59: 32016R0679:61:5:9 | C59: de redenen daarvoor | D59: redenen | E59: 32024R1689:76:5:8 | F59: de redenen daarvoor | G59: redenen | K59: 0.50-0.75 eurovoc | L59: 0.7241 | M59: eurovoc | N59: http://eurovoc.europa.eu/1667 | O59: 0.8046 | P59: same
A60: 59 | B60: 32024R1689:24:4:5 | C60: de aanbieder of importeur van het systeem en de autoriteiten die bevoegd zijn voor het betreffende AI-systeem met een hoog risico | D60: aanbieder of importeur van het systeem en de autoriteiten die bevoegd zijn voor het betreffende AI-systeem met een hoog risico | E60: 32024R1689:24:4:6 | F60: de non-conformiteit en de eventueel getroffen corrigerende maatregelen | G60: non-conformiteit | eventueel getroffen corrigerende maatregelen | K60: zero same-group | L60: 0 | P60: none
A61: 60 | B61: 32016R0679:24:1:3 | C61: Die maatregelen | D61: maatregelen | E61: 32016R0679:61:2:3 | F61: alle passende maatregelen | G61: passende maatregelen | K61: 0.00-0.50 head | L61: 0.4031 | M61: head | N61: maatregel | O61: 0.4031 | P61: same
A62: 61 | B62: 32016R0679:9:1:1 | C62: Verwerking van persoonsgegevens waaruit ras of etnische afkomst, politieke opvattingen, religieuze of levensbeschouwelijke overtuigingen, of het lidmaatschap van een vakbond blijken, en verwerking van genetische gegevens, biometrische gegevens met het oog op de unieke identificatie van een persoon, of gegevens over gezondheid, of gegevens met betrekking tot iemands seksueel gedrag of seksuele gerichtheid | D62: Verwerking van persoonsgegevens waaruit ras of etnische afkomst, politieke opvattingen, religieuze of levensbeschouwelijke overtuigingen, of het lidmaatschap van een vakbond blijkenmet betrekking tot iemands seksueel gedrag of seksuele gerichtheid | E62: 32024R1689:59:1:1 | F62: rechtmatig voor andere doeleinden verzamelde persoonsgegevens | G62: rechtmatig voor andere doeleinden verzamelde persoonsgegevens | K62: 0.00-0.50 noun | L62: 0.3028 | M62: noun | N62: persoonsgegev | O62: 0.4325 | P62: none
A63: 62 | B63: 32016R0679:33:2:3 | C63: de verwerkingsverantwoordelijke | D63: verwerkingsverantwoordelijke | E63: 32024R1689:47:4:10 | F63: de verantwoordelijkheid | G63: verantwoordelijkheid | K63: 0.50-0.75 tail | L63: 0.5024 | M63: tail | N63: verantwoord | O63: 0.628 | P63: a_narrower
A64: 63 | B64: 32024R1689:36:3:6 | C64: nieuwe certificaten | D64: nieuwe certificaten | E64: 32024R1689:45:2:9 | F64: beoordelingscertificaten van technische documentatie van de Unie of aanvullingen daarop die zij heeft geweigerd, ingetrokken, opgeschort of anderszins beperkt | G64: beoordelingscertificaten van technische documentatie van de Unie of aanvullingen die zij heeft geweigerd, ingetrokken, opgeschort of anderszins beperkt | K64: 0.00-0.50 tail | L64: 0.437 | M64: tail | N64: certificat | O64: 0.5462 | P64: b_narrower
A65: 64 | B65: 32024R1689:72:1:1 | C65: een systeem voor monitoring na het in de handel brengen | D65: systeem voor monitoring na het in de handel brengen | E65: 32024R1689:9:1:4 | F65: een systeem voor risicobeheer | G65: systeem voor risicobeheer | K65: 0.00-0.50 head | L65: 0.4325 | M65: head | N65: system | O65: 0.4325 | P65: none
A66: 65 | B66: 32016R0679:58:1:4 | C66: alle persoonsgegevens en alle informatie die noodzakelijk is voor de uitvoering van haar taken | D66: persoonsgegevens en alle informatie die noodzakelijk is voor de uitvoering van haar taken | E66: 32024R1689:15:5:6 | F66: maatregelen voor het voorkomen, traceren, reageren op, oplossen en beheersen van aanvallen waarmee een poging wordt gedaan tot het manipuleren van de dataset voor de training (de zogenaamde “datavervuiling”), van vooraf getrainde componenten die in de training zijn gebruikt (de zogenaamde “modelvervuiling”), van input die is gecreëerd om fouten van het model te veroorzaken (zogenaamde “vijandige voorbeelden” of “modelontwijking”), van aanvallen om vertrouwelijke gegevens te bemachtigen of van tekortkomingen van het model | G66: maatregelen voor het voorkomen, traceren, reageren op, oplossen en beheersen van aanvallen waarmee een poging wordt gedaan tot het manipuleren van de dataset voor de training (de zogenaamde datavervuiling), van vooraf getrainde componenten die in de training zijn gebruikt (de zogenaamde modelvervuiling), van input die is gecreëerd om fouten van het model te veroorzaken (zogenaamde vijandige voorbeelden of modelontwijking), van aanvallen om vertrouwelijke gegevens te bemachtigen of van tekortkomingen van het model | K66: 0.00-0.50 noun | L66: 0.336 | M66: noun | N66: gegev | O66: 0.48 | P66: none
A67: 66 | B67: 32016R0679:70:1:18 | C67: samenwerking en effectieve bilaterale en multilaterale uitwisseling van informatie en beste praktijken tussen de toezichthoudende autoriteiten | D67: effectieve bilaterale en multilaterale uitwisseling van informatie en beste praktijken | E67: 32024R1689:70:2:1 | F67: informatie | G67: informatie | K67: 0.00-0.50 noun | L67: 0.2616 | M67: noun | N67: informatie | O67: 0.3737 | P67: none
A68: 67 | B68: 32016R0679:35:8:15 | C68: de naleving van de in artikel 40 bedoelde goedgekeurde gedragscodes | D68: goedgekeurde gedragscodes | E68: 32016R0679:40:3:5 | F68: bij overeenkomstig lid 5 van dit artikel goedgekeurde gedragscodes die overeenkomstig lid 9 van dit artikel algemeen geldig zijn verklaard | G68: goedgekeurde gedragscodes die algemeen geldig zijn verklaard | K68: 0.50-0.75 head | L68: 0.5708 | M68: head | N68: gedragscod | O68: 0.5708 | P68: same
A69: 68 | B69: 32024R1689:16:whole:5 | C69: een EU-conformiteitsverklaring | D69: EU-conformiteitsverklaring | E69: 32024R1689:47:4:11 | F69: de EU-conformiteitsverklaring | G69: EU-conformiteitsverklaring | K69: 0.75-1.00 eurovoc | L69: 0.7606 | M69: eurovoc | N69: http://eurovoc.europa.eu/1464 | O69: 0.8451 | P69: same
A70: 69 | B70: 32016R0679:60:3:5 | C70: alle relevante informatie over de aangelegenheid | D70: relevante informatie over de aangelegenheid | E70: 32024R1689:52:1:3 | F70: de informatie die nodig is om aan te tonen dat aan de desbetreffende eis is voldaan | G70: informatie die nodig is om aan te tonen dat aan de desbetreffende eis is voldaan | K70: 0.00-0.50 head | L70: 0.3737 | M70: head | N70: informatie | O70: 0.3737 | P70: none
A71: 70 | B71: 32024R1689:28:1:2 | C71: een aanmeldende autoriteit | D71: aanmeldende autoriteit | E71: 32024R1689:70:3:6 | F71: hun nationale bevoegde autoriteiten over voldoende technische, financiële en personele middelen en over passende infrastructuur beschikken | G71: nationale bevoegde autoriteiten over voldoende technische, financiële en personele middelen en over passende infrastructuur beschikken | K71: 0.50-0.75 eurovoc | L71: 0.5958 | M71: eurovoc | N71: http://eurovoc.europa.eu/c_71b063b1 | O71: 0.662 | P71: b_narrower
A72: 71 | B72: 32016R0679:28:4:5 | C72: voor het nakomen van de verplichtingen van die andere verwerker | D72: verplichtingen van die andere verwerker | E72: 32024R1689:63:2:1 | F72: de naleving van andere in deze verordening vastgelegde eisen of verplichtingen | G72: verplichtingen | K72: 0.50-0.75 head | L72: 0.5205 | M72: head | N72: verplicht | O72: 0.5205 | P72: a_narrower
A73: 72 | B73: 32016R0679:43:6:8 | C73: die eisen en criteria | D73: eisen | E73: 32024R1689:8:1:1 | F73: de eisen van deze afdeling | G73: eisen | K73: 0.75-1.00 eurovoc | L73: 0.7606 | M73: eurovoc | N73: http://eurovoc.europa.eu/2121 | O73: 0.8451 | P73: same
A74: 73 | B74: 32024R1689:36:1:1 | C74: alle relevante wijzigingen in de aanmelding van een aangemelde instantie | D74: relevante wijzigingen in de aanmelding van een aangemelde instantie | E74: 32024R1689:36:4:8 | F74: de kwestie | G74: kwestie | K74: zero same-group | L74: 0 | P74: none
A75: 74 | B75: 32024R1689:33:1:2 | C75: de aanmeldende autoriteit | D75: aanmeldende autoriteit | E75: 32024R1689:74:3:1 | F75: een andere relevante autoriteit | G75: relevante autoriteit | K75: 0.50-0.75 eurovoc | L75: 0.5958 | M75: eurovoc | N75: http://eurovoc.europa.eu/c_71b063b1 | O75: 0.662 | P75: same
A76: 75 | B76: 32024R1689:65:6:6 | C76: andere permanente of tijdelijke subgroepen | D76: permanente of tijdelijke subgroepen | E76: 32024R1689:67:9:11 | F76: permanente of tijdelijke subgroepen | G76: permanente of tijdelijke subgroepen | K76: 0.75-1.00 head | L76: 0.8046 | M76: head | N76: subgroep | O76: 0.8046 | P76: same
A77: 76 | B77: 32024R1689:93:1:4 | C77: het model | D77: model | E77: 32024R1689:93:1:5 | F77: het model | G77: model | K77: 0.50-0.75 head | L77: 0.6754 | M77: head | N77: model | O77: 0.6754 | P77: same
A78: 77 | B78: 32016R0679:54:1:4 | C78: de regels en procedures voor de benoeming van het lid of de leden van elke toezichthoudende autoriteit | D78: regels voor de benoeming of de leden van elke toezichthoudende autoriteit | E78: 32024R1689:59:1:8 | F78: tot maatregelen of besluiten | G78: maatregelen of besluiten | K78: 0.00-0.50 tail | L78: 0.3116 | M78: tail | N78: regel | O78: 0.3895 | P78: b_narrower
A79: 78 | B79: 32016R0679:37:4:4 | C79: een functionaris voor gegevensbescherming | D79: functionaris voor gegevensbescherming | E79: 32024R1689:59:1:9 | F79: in het kader van de testomgeving verwerkte persoonsgegevens | G79: kader van de testomgeving verwerkte persoonsgegevens | K79: 0.00-0.50 eurovoc | L79: 0.4288 | M79: eurovoc | N79: http://eurovoc.europa.eu/5181 | O79: 0.4765 | P79: none
A80: 79 | B80: 32024R1689:112:12:20 | C80: de regelgevingsspecificaties van elke sector, met de bestaande mechanismen voor governance, conformiteitsbeoordeling en handhaving en met de autoriteiten die daarin zijn vastgesteld | D80: regelgevingsspecificaties van elke sector, met de bestaande mechanismen voor governance, conformiteitsbeoordeling en handhaving en met de autoriteiten die zijn vastgesteld | E80: 32024R1689:112:3:6 | F80: een beoordeling van de structuur van de handhaving en de eventuele noodzaak van een Agentschap van de Unie om vastgestelde tekortkomingen op te lossen | G80: beoordeling van de structuur van de handhaving en de eventuele noodzaak van een Agentschap van de Unie om vastgestelde tekortkomingen op te lossen | K80: 0.50-0.75 noun | L80: 0.5232 | M80: noun | N80: handhav | O80: 0.7474 | P80: none
A81: 80 | B81: 32016R0679:87:whole:2 | C81: het nationale identificatienummer of enige andere identificator van algemene aard | D81: nationale identificatienummer van algemene aard | E81: 32024R1689:35:1:1 | F81: één enkel identificatienummer | G81: één enkel identificatienummer | K81: 0.75-1.00 head | L81: 0.8046 | M81: head | N81: identificatienummer | O81: 0.8046 | P81: a_narrower
A82: 81 | B82: 32016R0679:75:6:8 | C82: de vertaling van relevante informatie | D82: vertaling van relevante informatie | E82: 32024R1689:25:2:8 | F82: de nodige informatie | G82: nodige informatie | K82: 0.00-0.50 noun | L82: 0.2616 | M82: noun | N82: informatie | O82: 0.3737 | P82: none
A83: 82 | B83: 32016R0679:35:11:18 | C83: een toetsing | D83: toetsing | E83: 32016R0679:57:1:25 | F83: een periodieke toetsing van de overeenkomstig artikel 42, lid 7, afgegeven certificeringen | G83: periodieke toetsing van de afgegeven certificeringen | K83: 0.75-1.00 head | L83: 0.7731 | M83: head | N83: toetsing | O83: 0.7731 | P83: b_narrower
A84: 83 | B84: 32016R0679:60:10:23 | C84: de nodige maatregelen | D84: nodige maatregelen | E84: 32016R0679:61:7:11 | F84: regels | G84: regels | K84: 0.00-0.50 tail | L84: 0.3116 | M84: tail | N84: regel | O84: 0.3895 | P84: a_narrower
A85: 84 | B85: 32016R0679:78:1:1 | C85: een doeltreffende voorziening in rechte | D85: doeltreffende voorziening in rechte | E85: 32016R0679:78:2:2 | F85: een doeltreffende voorziening in rechte | G85: doeltreffende voorziening in rechte | K85: 0.75-1.00 head | L85: 0.7731 | M85: head | N85: voorzien | O85: 0.7731 | P85: same
A86: 85 | B86: 32016R0679:28:4:6 | C86: dezelfde verplichtingen inzake gegevensbescherming | D86: dezelfde verplichtingen inzake gegevensbescherming | E86: 32024R1689:26:8:16 | F86: de in artikel 49 bedoelde registratieverplichtingen | G86: registratieverplichtingen | K86: 0.00-0.50 eurovoc | L86: 0.4866 | M86: eurovoc | N86: http://eurovoc.europa.eu/164 | O86: 0.5407 | P86: b_narrower
... A90: 89 | B90: 32016R0679:34:4:4 | C90: dat aan een van de in lid 3 bedoelde voorwaarden is voldaan | D90: aan een van de voorwaarden is voldaan | E90: 32024R1689:25:4:13 | F90: vrijwillige modelvoorwaarden | G90: vrijwillige modelvoorwaarden | K90: 0.50-0.75 tail | L90: 0.5024 | M90: tail | N90: voorwaard | O90: 0.628 | P90: b_narrower
A91: 90 | B91: 32024R1689:99:1:1 | C91: de voorschriften | D91: voorschriften | E91: 32024R1689:99:7:11 | F91: alle relevante omstandigheden van de specifieke situatie | G91: relevante omstandigheden van de specifieke situatie | K91: zero same-group | L91: 0 | P91: none
A92: 91 | B92: 32016R0679:54:1:7 | C92: de voorwaarden in verband met de plichten van het lid of de leden en de personeelsleden van elke toezichthoudende autoriteit, de verboden op met die plichten onverenigbare handelingen, werkzaamheden en voordelen tijdens en na de ambtstermijn en de regels betreffende de beëindiging van de ambtstermijn onderscheidenlijk de arbeidsverhouding | D92: voorwaarden in verband met de plichten of de leden en de personeelsleden van elke toezichthoudende autoriteit, de verboden op met die plichten onverenigbare handelingen, werkzaamheden en voordelen tijdens en na de ambtstermijn en de regels betreffende de beëindiging van de ambtstermijn onderscheidenlijk de arbeidsverhouding | E92: 32024R1689:25:4:13 | F92: vrijwillige modelvoorwaarden | G92: vrijwillige modelvoorwaarden | K92: 0.50-0.75 tail | L92: 0.5024 | M92: tail | N92: voorwaard | O92: 0.628 | P92: b_narrower
A93: 92 | B93: 32016R0679:23:1:1 | C93: De reikwijdte van de verplichtingen en rechten als bedoeld in de artikelen 12 tot en met 22 en artikel 34, alsmede in artikel 5 | D93: reikwijdte van de verplichtingen en rechten | E93: 32016R0679:38:6:11 | F93: deze taken of plichten niet tot een belangenconflict leiden | G93: taken of plichten niet tot een belangenconflict leiden | K93: 0.00-0.50 noun | L93: 0.3906 | M93: noun | N93: plicht | O93: 0.558 | P93: none
A94: 93 | B94: 32024R1689:25:1:3 | C94: een substantiële wijziging | D94: substantiële wijziging | E94: 32024R1689:43:4:7 | F94: substantiële wijziging | G94: substantiële wijziging | K94: 0.75-1.00 eurovoc | L94: 0.7606 | M94: eurovoc | N94: http://eurovoc.europa.eu/3260 | O94: 0.8451 | P94: same
A95: 94 | B95: 32024R1689:70:2:4 | C95: de Commissie | D95: Commissie | E95: 32024R1689:77:2:5 | F95: de Commissie en de andere lidstaten | G95: Commissie | K95: 0.50-0.75 head | L95: 0.5925 | M95: head | N95: commissie | O95: 0.5925 | P95: same
A96: 95 | B96: 32016R0679:28:6:8 | C96: op de in de leden 7 en 8 van dit artikel bedoelde standaardcontractbepalingen | D96: standaardcontractbepalingen | E96: 32016R0679:28:7:9 | F96: standaardcontractbepalingen | G96: standaardcontractbepalingen | K96: 0.75-1.00 head | L96: 0.7731 | M96: head | N96: standaardcontractbepal | O96: 0.7731 | P96: same
A97: 96 | B97: 32016R0679:25:2:4 | C97: persoonsgegevens | D97: persoonsgegevens | E97: 32016R0679:39:1:5 | F97: naleving van deze verordening, van andere Unierechtelijke of lidstaatrechtelijke gegevensbeschermingsbepalingen en van het beleid van de verwerkingsverantwoordelijke of de verwerker met betrekking tot de bescherming van persoonsgegevens, met inbegrip van de toewijzing van verantwoordelijkheden, bewustmaking en opleiding van het bij de verwerking betrokken personeel en de betreffende audits | G97: Unierechtelijke of lidstaatrechtelijke gegevensbeschermingsbepalingen en van het beleid van de verwerkingsverantwoordelijke of de verwerker met betrekking tot de bescherming van persoonsgegevens, met inbegrip van de toewijzing van verantwoordelijkheden, bewustmaking en opleiding van het bij de verwerking betrokken personeel en de betreffende audits | K97: 0.00-0.50 noun | L97: 0.3028 | M97: noun | N97: persoonsgegev | O97: 0.4325 | P97: none
A98: 97 | B98: 32016R0679:42:7:5 | C98: Het certificaat | D98: certificaat | E98: 32016R0679:43:7:11 | F98: de overeenkomstig lid 1 van dit artikel aan een certificeringsorgaan afgegeven accreditatie | G98: aan een certificeringsorgaan afgegeven accreditatie | K98: 0.50-0.75 eurovoc | L98: 0.6079 | M98: eurovoc | N98: http://eurovoc.europa.eu/1252 | O98: 0.6754 | P98: none
A99: 98 | B99: 32016R0679:70:1:10 | C99: certificeringsmechanismen voor gegevensbescherming en gegevensbeschermingszegels en -merktekens | D99: certificeringsmechanismen voor gegevensbescherming en gegevensbeschermingszegels en -merktekens | E99: 32016R0679:70:1:19 | F99: gemeenschappelijke opleidingsprogramma's | G99: gemeenschappelijke opleidingsprogramma's | K99: zero same-group | L99: 0 | P99: none
A100: 99 | B100: 32016R0679:60:7:13 | C100: de andere betrokken toezichthoudende autoriteiten, alsmede het Comité | D100: toezichthoudende autoriteiten | E100: 32024R1689:74:6:5 | F100: de markttoezichtautoriteit | G100: markttoezichtautoriteit | K100: 0.00-0.50 tail | L100: 0.3522 | M100: tail | N100: autoriteit | O100: 0.4403 | P100: b_narrower
A101: 100 | B101: 32024R1689:36:7:22 | C101: onterecht afgegeven certificaten | D101: onterecht afgegeven certificaten | E101: 32024R1689:36:7:23 | F101: onterecht afgegeven certificaten | G101: onterecht afgegeven certificaten | K101: 0.75-1.00 eurovoc | L101: 0.7606 | M101: eurovoc | N101: http://eurovoc.europa.eu/5336 | O101: 0.8451 | P101: same
A102: 101 | B102: 32016R0679:57:1:12 | C102: informatie | D102: informatie | E102: 32016R0679:57:1:29 | F102: bindende bedrijfsvoorschriften | G102: bindende bedrijfsvoorschriften | K102: zero same-group | L102: 0 | P102: none
A103: 102 | B103: 32016R0679:12:5:12 | C103: Het verstrekken van de in de artikelen 13 en 14 bedoelde informatie, en het verstrekken van de communicatie en het treffen van de maatregelen bedoeld in de artikelen 15 tot en met 22 en artikel 34 | D103: informatie, en het verstrekken van de communicatie en het treffen van de maatregelen | E103: 32024R1689:75:3:4 | F103: dat de door hen verkregen informatie overeenkomstig artikel 78 van deze verordening vertrouwelijk wordt behandeld | G103: door hen verkregen informatie vertrouwelijk wordt behandeld | K103: 0.00-0.50 head | L103: 0.3737 | M103: head | N103: informatie | O103: 0.3737 | P103: a_narrower
A104: 103 | B104: 32024R1689:10:5:8 | C104: aan maatregelen om ervoor te zorgen dat de verwerkte persoonsgegevens worden beveiligd, beschermd met passende waarborgen, waaronder strikte controles en documentatie van de toegang ertoe, om misbruik te voorkomen en ervoor te zorgen dat alleen personen die gemachtigd zijn toegang tot die persoonsgegevens hebben met passende vertrouwelijkheidsverplichtingen | D104: maatregelen om ervoor te zorgen dat de verwerkte persoonsgegevens worden beveiligd, beschermd met passende waarborgen, waaronder strikte controles en documentatie van de toegang, om misbruik te voorkomen en ervoor te zorgen dat alleen personen die gemachtigd zijn toegang tot die persoonsgegevens hebben met passende vertrouwelijkheidsverplichtingen | E104: 32024R1689:70:5:9 | F104: de in artikel 78 vastgelegde vertrouwelijkheidsverplichtingen | G104: vastgelegde vertrouwelijkheidsverplichtingen | K104: 0.50-0.75 noun | L104: 0.5916 | M104: noun | N104: vertrouwelijkheidsverplicht | O104: 0.8451 | P104: none
A105: 104 | B105: 32016R0679:48:whole:1 | C105: Elke rechterlijke uitspraak en elk besluit van een administratieve autoriteit van een derde land op grond waarvan een verwerkingsverantwoordelijke of een verwerker persoonsgegevens moet doorgeven of verstrekken | D105: rechterlijke uitspraak en elk besluit van een administratieve autoriteit van een derde land op grond waarvan een verwerkingsverantwoordelijke of een verwerker persoonsgegevens moet doorgeven of verstrekken | E105: 32016R0679:78:4:4 | F105: dat advies of besluit | G105: besluit | K105: 0.00-0.50 noun | L105: 0.341 | M105: noun | N105: besluit | O105: 0.4872 | P105: none
A106: 105 | B106: 32016R0679:60:5:9 | C106: een herzien ontwerpbesluit | D106: herzien ontwerpbesluit | E106: 32024R1689:72:3:3 | F106: een uitvoeringshandeling | G106: uitvoeringshandeling | K106: 0.50-0.75 eurovoc | L106: 0.6212 | M106: eurovoc | N106: http://eurovoc.europa.eu/440579 | O106: 0.6902 | P106: none
A107: 106 | B107: 32016R0679:60:8:17 | C107: de verwerkingsverantwoordelijke | D107: verwerkingsverantwoordelijke | E107: 32024R1689:33:2:3 | F107: de volledige verantwoordelijkheid | G107: volledige verantwoordelijkheid | K107: 0.50-0.75 tail | L107: 0.5024 | M107: tail | N107: verantwoord | O107: 0.628 | P107: a_narrower
...

Sheet Summary
A1: Object filter: pair review summary
A3: Threshold (use a band edge) | B3: 0.5 | C3: Change this cell; the estimates below follow.
A5: Stratum | B5: Band from | C5: Key relation | D5: Population | E5: Sampled | F5: same | G5: related | H5: different | I5: unclear | J5: Judged | K5: Strict | L5: Lenient | M5: Pop (judged) | N5: Pop x strict | O5: Pop x lenient
A6: 0.00-0.50 head | B6: 0 | C6: head | D6: 4696 | E6: =COUNTIF(Review!$K$2:$K$116,$A6) | F6: =COUNTIFS(Review!$K$2:$K$116,$A6,Review!$H$2:$H$116,"same") | G6: =COUNTIFS(Review!$K$2:$K$116,$A6,Review!$H$2:$H$116,"related") | H6: =COUNTIFS(Review!$K$2:$K$116,$A6,Review!$H$2:$H$116,"different") | I6: =COUNTIFS(Review!$K$2:$K$116,$A6,Review!$H$2:$H$116,"unclear") | J6: =F6+G6+H6 | K6: =IF(J6=0,"",F6/J6) | L6: =IF(J6=0,"",(F6+G6)/J6) | M6: =IF(J6=0,0,D6) | N6: =IF(J6=0,0,D6*F6/J6) | O6: =IF(J6=0,0,D6*(F6+G6)/J6)
A7: 0.00-0.50 tail | B7: 0 | C7: tail | D7: 2642 | E7: =COUNTIF(Review!$K$2:$K$116,$A7) | F7: =COUNTIFS(Review!$K$2:$K$116,$A7,Review!$H$2:$H$116,"same") | G7: =COUNTIFS(Review!$K$2:$K$116,$A7,Review!$H$2:$H$116,"related") | H7: =COUNTIFS(Review!$K$2:$K$116,$A7,Review!$H$2:$H$116,"different") | I7: =COUNTIFS(Review!$K$2:$K$116,$A7,Review!$H$2:$H$116,"unclear") | J7: =F7+G7+H7 | K7: =IF(J7=0,"",F7/J7) | L7: =IF(J7=0,"",(F7+G7)/J7) | M7: =IF(J7=0,0,D7) | N7: =IF(J7=0,0,D7*F7/J7) | O7: =IF(J7=0,0,D7*(F7+G7)/J7)
A8: 0.00-0.50 eurovoc | B8: 0 | C8: eurovoc | D8: 1282 | E8: =COUNTIF(Review!$K$2:$K$116,$A8) | F8: =COUNTIFS(Review!$K$2:$K$116,$A8,Review!$H$2:$H$116,"same") | G8: =COUNTIFS(Review!$K$2:$K$116,$A8,Review!$H$2:$H$116,"related") | H8: =COUNTIFS(Review!$K$2:$K$116,$A8,Review!$H$2:$H$116,"different") | I8: =COUNTIFS(Review!$K$2:$K$116,$A8,Review!$H$2:$H$116,"unclear") | J8: =F8+G8+H8 | K8: =IF(J8=0,"",F8/J8) | L8: =IF(J8=0,"",(F8+G8)/J8) | M8: =IF(J8=0,0,D8) | N8: =IF(J8=0,0,D8*F8/J8) | O8: =IF(J8=0,0,D8*(F8+G8)/J8)
A9: 0.00-0.50 noun | B9: 0 | C9: noun | D9: 9862 | E9: =COUNTIF(Review!$K$2:$K$116,$A9) | F9: =COUNTIFS(Review!$K$2:$K$116,$A9,Review!$H$2:$H$116,"same") | G9: =COUNTIFS(Review!$K$2:$K$116,$A9,Review!$H$2:$H$116,"related") | H9: =COUNTIFS(Review!$K$2:$K$116,$A9,Review!$H$2:$H$116,"different") | I9: =COUNTIFS(Review!$K$2:$K$116,$A9,Review!$H$2:$H$116,"unclear") | J9: =F9+G9+H9 | K9: =IF(J9=0,"",F9/J9) | L9: =IF(J9=0,"",(F9+G9)/J9) | M9: =IF(J9=0,0,D9) | N9: =IF(J9=0,0,D9*F9/J9) | O9: =IF(J9=0,0,D9*(F9+G9)/J9)
A10: 0.50-0.75 head | B10: 0.5 | C10: head | D10: 2268 | E10: =COUNTIF(Review!$K$2:$K$116,$A10) | F10: =COUNTIFS(Review!$K$2:$K$116,$A10,Review!$H$2:$H$116,"same") | G10: =COUNTIFS(Review!$K$2:$K$116,$A10,Review!$H$2:$H$116,"related") | H10: =COUNTIFS(Review!$K$2:$K$116,$A10,Review!$H$2:$H$116,"different") | I10: =COUNTIFS(Review!$K$2:$K$116,$A10,Review!$H$2:$H$116,"unclear") | J10: =F10+G10+H10 | K10: =IF(J10=0,"",F10/J10) | L10: =IF(J10=0,"",(F10+G10)/J10) | M10: =IF(J10=0,0,D10) | N10: =IF(J10=0,0,D10*F10/J10) | O10: =IF(J10=0,0,D10*(F10+G10)/J10)
A11: 0.50-0.75 tail | B11: 0.5 | C11: tail | D11: 163 | E11: =COUNTIF(Review!$K$2:$K$116,$A11) | F11: =COUNTIFS(Review!$K$2:$K$116,$A11,Review!$H$2:$H$116,"same") | G11: =COUNTIFS(Review!$K$2:$K$116,$A11,Review!$H$2:$H$116,"related") | H11: =COUNTIFS(Review!$K$2:$K$116,$A11,Review!$H$2:$H$116,"different") | I11: =COUNTIFS(Review!$K$2:$K$116,$A11,Review!$H$2:$H$116,"unclear") | J11: =F11+G11+H11 | K11: =IF(J11=0,"",F11/J11) | L11: =IF(J11=0,"",(F11+G11)/J11) | M11: =IF(J11=0,0,D11) | N11: =IF(J11=0,0,D11*F11/J11) | O11: =IF(J11=0,0,D11*(F11+G11)/J11)
A12: 0.50-0.75 eurovoc | B12: 0.5 | C12: eurovoc | D12: 1738 | E12: =COUNTIF(Review!$K$2:$K$116,$A12) | F12: =COUNTIFS(Review!$K$2:$K$116,$A12,Review!$H$2:$H$116,"same") | G12: =COUNTIFS(Review!$K$2:$K$116,$A12,Review!$H$2:$H$116,"related") | H12: =COUNTIFS(Review!$K$2:$K$116,$A12,Review!$H$2:$H$116,"different") | I12: =COUNTIFS(Review!$K$2:$K$116,$A12,Review!$H$2:$H$116,"unclear") | J12: =F12+G12+H12 | K12: =IF(J12=0,"",F12/J12) | L12: =IF(J12=0,"",(F12+G12)/J12) | M12: =IF(J12=0,0,D12) | N12: =IF(J12=0,0,D12*F12/J12) | O12: =IF(J12=0,0,D12*(F12+G12)/J12)
A13: 0.50-0.75 noun | B13: 0.5 | C13: noun | D13: 516 | E13: =COUNTIF(Review!$K$2:$K$116,$A13) | F13: =COUNTIFS(Review!$K$2:$K$116,$A13,Review!$H$2:$H$116,"same") | G13: =COUNTIFS(Review!$K$2:$K$116,$A13,Review!$H$2:$H$116,"related") | H13: =COUNTIFS(Review!$K$2:$K$116,$A13,Review!$H$2:$H$116,"different") | I13: =COUNTIFS(Review!$K$2:$K$116,$A13,Review!$H$2:$H$116,"unclear") | J13: =F13+G13+H13 | K13: =IF(J13=0,"",F13/J13) | L13: =IF(J13=0,"",(F13+G13)/J13) | M13: =IF(J13=0,0,D13) | N13: =IF(J13=0,0,D13*F13/J13) | O13: =IF(J13=0,0,D13*(F13+G13)/J13)
A14: 0.75-1.00 head | B14: 0.75 | C14: head | D14: 179 | E14: =COUNTIF(Review!$K$2:$K$116,$A14) | F14: =COUNTIFS(Review!$K$2:$K$116,$A14,Review!$H$2:$H$116,"same") | G14: =COUNTIFS(Review!$K$2:$K$116,$A14,Review!$H$2:$H$116,"related") | H14: =COUNTIFS(Review!$K$2:$K$116,$A14,Review!$H$2:$H$116,"different") | I14: =COUNTIFS(Review!$K$2:$K$116,$A14,Review!$H$2:$H$116,"unclear") | J14: =F14+G14+H14 | K14: =IF(J14=0,"",F14/J14) | L14: =IF(J14=0,"",(F14+G14)/J14) | M14: =IF(J14=0,0,D14) | N14: =IF(J14=0,0,D14*F14/J14) | O14: =IF(J14=0,0,D14*(F14+G14)/J14)
A15: 0.75-1.00 eurovoc | B15: 0.75 | C15: eurovoc | D15: 50 | E15: =COUNTIF(Review!$K$2:$K$116,$A15) | F15: =COUNTIFS(Review!$K$2:$K$116,$A15,Review!$H$2:$H$116,"same") | G15: =COUNTIFS(Review!$K$2:$K$116,$A15,Review!$H$2:$H$116,"related") | H15: =COUNTIFS(Review!$K$2:$K$116,$A15,Review!$H$2:$H$116,"different") | I15: =COUNTIFS(Review!$K$2:$K$116,$A15,Review!$H$2:$H$116,"unclear") | J15: =F15+G15+H15 | K15: =IF(J15=0,"",F15/J15) | L15: =IF(J15=0,"",(F15+G15)/J15) | M15: =IF(J15=0,0,D15) | N15: =IF(J15=0,0,D15*F15/J15) | O15: =IF(J15=0,0,D15*(F15+G15)/J15)
A16: zero same-group | D16: 5238 | E16: =COUNTIF(Review!$K$2:$K$116,$A16) | F16: =COUNTIFS(Review!$K$2:$K$116,$A16,Review!$H$2:$H$116,"same") | G16: =COUNTIFS(Review!$K$2:$K$116,$A16,Review!$H$2:$H$116,"related") | H16: =COUNTIFS(Review!$K$2:$K$116,$A16,Review!$H$2:$H$116,"different") | I16: =COUNTIFS(Review!$K$2:$K$116,$A16,Review!$H$2:$H$116,"unclear") | J16: =F16+G16+H16 | K16: =IF(J16=0,"",F16/J16) | L16: =IF(J16=0,"",(F16+G16)/J16) | M16: =IF(J16=0,0,D16) | N16: =IF(J16=0,0,D16*F16/J16) | O16: =IF(J16=0,0,D16*(F16+G16)/J16)
A18: Estimates (weighted by stratum population)
A19: Scored pairs at or above threshold | D19: =SUMIFS($D$6:$D$16,$B$6:$B$16,">="&$B$3)
A20: Precision at or above threshold, strict | D20: =IFERROR(SUMIFS($N$6:$N$16,$B$6:$B$16,">="&$B$3)/SUMIFS($M$6:$M$16,$B$6:$B$16,">="&$B$3),"")
A21: Precision at or above threshold, lenient | D21: =IFERROR(SUMIFS($O$6:$O$16,$B$6:$B$16,">="&$B$3)/SUMIFS($M$6:$M$16,$B$6:$B$16,">="&$B$3),"")
A22: Lenient precision when 'head' decides (all bands) | D22: =IFERROR(SUMIFS($O$6:$O$16,$C$6:$C$16,"head")/SUMIFS($M$6:$M$16,$C$6:$C$16,"head"),"")
A23: Lenient precision when 'tail' decides (all bands) | D23: =IFERROR(SUMIFS($O$6:$O$16,$C$6:$C$16,"tail")/SUMIFS($M$6:$M$16,$C$6:$C$16,"tail"),"")
A24: Lenient precision when 'eurovoc' decides (all bands) | D24: =IFERROR(SUMIFS($O$6:$O$16,$C$6:$C$16,"eurovoc")/SUMIFS($M$6:$M$16,$C$6:$C$16,"eurovoc"),"")
A25: Lenient precision when 'noun' decides (all bands) | D25: =IFERROR(SUMIFS($O$6:$O$16,$C$6:$C$16,"noun")/SUMIFS($M$6:$M$16,$C$6:$C$16,"noun"),"")
A26: Recall proxy: zero same-group pairs judged same or related | D26: =IFERROR(INDEX($L$6:$L$16,MATCH("zero same-group",$A$6:$A$16,0)),"")
A27: Recall proxy: known pairs scoring at or above threshold | D27: =IFERROR(COUNTIFS(Review!$K$2:$K$116,"known",Review!$L$2:$L$116,">="&$B$3)/COUNTIF(Review!$K$2:$K$116,"known"),"")
A29: Relation type by direction flag (counts)
B30: duplicate | C30: contradiction | D30: lex specialis | E30: overlap | F30: none | G30: unclear
A31: same | B31: =COUNTIFS(Review!$P$2:$P$116,$A31,Review!$I$2:$I$116,"duplicate") | C31: =COUNTIFS(Review!$P$2:$P$116,$A31,Review!$I$2:$I$116,"contradiction") | D31: =COUNTIFS(Review!$P$2:$P$116,$A31,Review!$I$2:$I$116,"lex specialis") | E31: =COUNTIFS(Review!$P$2:$P$116,$A31,Review!$I$2:$I$116,"overlap") | F31: =COUNTIFS(Review!$P$2:$P$116,$A31,Review!$I$2:$I$116,"none") | G31: =COUNTIFS(Review!$P$2:$P$116,$A31,Review!$I$2:$I$116,"unclear")
A32: a_narrower | B32: =COUNTIFS(Review!$P$2:$P$116,$A32,Review!$I$2:$I$116,"duplicate") | C32: =COUNTIFS(Review!$P$2:$P$116,$A32,Review!$I$2:$I$116,"contradiction") | D32: =COUNTIFS(Review!$P$2:$P$116,$A32,Review!$I$2:$I$116,"lex specialis") | E32: =COUNTIFS(Review!$P$2:$P$116,$A32,Review!$I$2:$I$116,"overlap") | F32: =COUNTIFS(Review!$P$2:$P$116,$A32,Review!$I$2:$I$116,"none") | G32: =COUNTIFS(Review!$P$2:$P$116,$A32,Review!$I$2:$I$116,"unclear")
A33: b_narrower | B33: =COUNTIFS(Review!$P$2:$P$116,$A33,Review!$I$2:$I$116,"duplicate") | C33: =COUNTIFS(Review!$P$2:$P$116,$A33,Review!$I$2:$I$116,"contradiction") | D33: =COUNTIFS(Review!$P$2:$P$116,$A33,Review!$I$2:$I$116,"lex specialis") | E33: =COUNTIFS(Review!$P$2:$P$116,$A33,Review!$I$2:$I$116,"overlap") | F33: =COUNTIFS(Review!$P$2:$P$116,$A33,Review!$I$2:$I$116,"none") | G33: =COUNTIFS(Review!$P$2:$P$116,$A33,Review!$I$2:$I$116,"unclear")
A34: none | B34: =COUNTIFS(Review!$P$2:$P$116,$A34,Review!$I$2:$I$116,"duplicate") | C34: =COUNTIFS(Review!$P$2:$P$116,$A34,Review!$I$2:$I$116,"contradiction") | D34: =COUNTIFS(Review!$P$2:$P$116,$A34,Review!$I$2:$I$116,"lex specialis") | E34: =COUNTIFS(Review!$P$2:$P$116,$A34,Review!$I$2:$I$116,"overlap") | F34: =COUNTIFS(Review!$P$2:$P$116,$A34,Review!$I$2:$I$116,"none") | G34: =COUNTIFS(Review!$P$2:$P$116,$A34,Review!$I$2:$I$116,"unclear")

Sheet Instructions
A1: How to judge
A2: Fill in the yellow cells of the Review sheet, one row per pair. Judge only the objects.
A3: Same thing? same: both norms are about the same thing.
A4: related: overlapping, or one is a part, kind or case of the other.
A5: different: not about the same thing. unclear: cannot tell (not counted).
A6: Relation type (optional, from the full norms): duplicate, contradiction, lex specialis,
A7: overlap (related, but no conflict or repetition), none, unclear.
A8: Score, key and stratum are in hidden columns (right of Note): unhide them after judging.
A9: Strict precision counts 'same'; lenient counts 'same' or 'related'.
A10: With about 10 pairs per stratum each figure is rough (about +/-15 points); the weighted
A11: estimates combine strata and are more stable. Sample sizes: Summary, column E.
A13: Example (format only; not part of the sample)
... A17: Settings: per cell 10, zero same-group 15, bands [0.5, 0.75], group parts 2, seed 42
