Workbook

Sheet Instructions
A1: Actor mapping review
A2: Each row of the Review sheet is an actor unit in a norm (census rows show up to 3 norms that use the same unit). 'Assigned' is what the system mapped the unit to. Judge whether that is right, from the norm text and the actor phrase. The Inventory sheet lists every known actor with its definition.
A3: Assessment (yellow)
A4: Assigned an actor [ID]:
A5: correct the unit is this actor.
A6: partial right actor family but too broad or too narrow (another entry fits better), or right for some census contexts only.
A7: wrong another actor, or not an actor at all.
A8: Assigned 'an actor of class X (no inventory entry)':
A9: correct an actor, no inventory entry fits, and class X fits.
A10: partial an actor and class X fits, but an inventory entry fits (missed entry).
A11: wrong the class does not fit, or it is not an actor.
A12: Assigned 'not an actor (dropped)':
... A23: Unit: de Autoriteit Consument en Markt | Assigned: not an actor (dropped) | Assessment: wrong | What is wrong?: actor, not in inventory | Correct actor: Autoriteit Consument en Markt

Sheet Review
A1: # | B1: Norm(s) | C1: Actor phrase | D1: Unit | E1: Text | F1: Assigned | G1: Assigned: definition or source | H1: Assessment | I1: What is wrong? | J1: Correct actor | K1: Note
A2: 1 | B2: BWBR0009950:4.10:6:10 | C2: Een aanbieder van een openbaar elektronisch communicatienetwerk waarover een openbare elektronische communicatiedienst wordt verzorgd | D2: aanbieder van een openbaar elektronisch communicatienetwerk waarover een openbare elektronische communicatiedienst wordt verzorgd | E2: Een aanbieder van een openbaar elektronisch communicatienetwerk waarover een openbare elektronische communicatiedienst wordt verzorgd zorgt ervoor dat zijn netwerk zodanig is ingericht dat de aanbieders, bedoeld in het vijfde lid, de daar bedoelde verplichtingen kunnen nakomen. | F2: aanbieder van een openbaar elektronisch communicatienetwerk [BWBR0009950:aanbieder_van_een_openbaar_elektronisch_communicatienetwerk] | G2: Defined in BWBR0009950 art. 5.1: degene die in eigen naam en voor eigen rekening kabels ten dienste van een dergelijk netwerk aanlegt, instandhoudt en opruimt.
A3: 2 | B3: 32024R1689:26:8:15 | C3: deze gebruiksverantwoordelijke | D3: gebruiksverantwoordelijke | E3: Gebruiksverantwoordelijken van AI-systemen met een hoog risico die de hoedanigheid van overheidsinstanties of instellingen, organen of instanties van de Unie hebben, leven de in artikel 49 bedoelde registratieverplichtingen na. Wanneer deze gebruiksverantwoordelijke vaststellen dat het AI-systeem met een hoog risico dat zij voornemens zijn te gebruiken niet in de in artikel 71 bedoelde EU-databank is geregistreerd, gebruiken zij dat systeem niet en stellen zij de aanbieder of de distributeur daarvan in kennis. | F3: gebruiksverantwoordelijke [32024R1689:gebruiksverantwoordelijke] | G3: Defined in 32024R1689 art. 3: een natuurlijke of rechtspersoon, overheidsinstantie, agentschap of ander orgaan die/dat een AI-systeem onder eigen verantwoordelijkheid gebruikt, tenzij het AI-systeem wordt gebruikt in het kader van een persoonlijke niet-beroepsactiviteit
A4: 3 | B4: 32024R1689:60:4:9 | C4: de aanbieder of potentiële aanbieder | D4: potentiële aanbieder | E4: Aanbieders of potentiële aanbieders mogen alleen testen onder reële omstandigheden als is voldaan aan alle volgende voorwaarden: a) de aanbieder of potentiële aanbieder heeft een plan voor tests onder reële omstandigheden opgesteld en ingediend bij de markttoezichtautoriteit in de lidstaat waar onder reële omstandigheden moet worden getest; b) de markttoezichtautoriteit in de lidstaat waar onder reële omstandigheden moet worden getest, heeft het testen onder reële omstandigheden en het plan voor tests onder reële omstandigheden goedgekeurd; indien de markttoezichtautoriteit binnen dertig dagen geen antwoord heeft gegeven, worden het testen onder reële omstandigheden en het plan voor tests onder reële omstandigheden geacht te zijn goedgekeurd; indien het nationale recht niet voorziet in een stilzwijgende goedkeuring, blijft het testen onder reële omstandigheden onderworpen aan een toestemming; c) de aanbieder of potentiële aanbieder, met uitzondering van aanbieders of potentiële aanbieders van in de punten 1, 6 en 7 van bijlage III bedoelde AI-systemen met een hoog risico op de gebieden rechtshandhaving, migratie, asiel en grenstoezichtsbeheer en AI-systemen met een hoog risico als bedoeld in punt 2 van bijlage III, heeft het testen onder reële omstandigheden geregistreerd overeenkomstig artikel 71, lid 4, met een Uniebreed uniek identificatienummer en de in bijlage IX gespecificeerde informatie; de aanbieder of potentiële aanbieder van in de punten 1, 6 en 7 van bijlage II | F4: aanbieder [32024R1689:aanbieder] | G4: Defined in 32024R1689 art. 3: een natuurlijke of rechtspersoon, overheidsinstantie, agentschap of ander orgaan die/dat een AI-systeem of een AI-model voor algemene doeleinden ontwikkelt of laat ontwikkelen en dat systeem of model in de handel brengt of het AI-systeem in gebruik stelt onder de eigen naam of merk, al dan niet tegen betaling
A5: 4 | B5: 32024R1689:25:4:15 | C5: derden die andere instrumenten, diensten, processen of onderdelen dan AI-modellen voor algemene doeleinden onder een vrije en opensource licentie toegankelijk maken voor het publiek | D5: derden | E5: De aanbieder van een AI-systeem met een hoog risico en de derde partij die instrumenten, diensten, onderdelen of processen voor AI-systemen levert die worden gebruikt of geïntegreerd in een AI-systeem met een hoog risico, preciseren in een schriftelijke overeenkomst de nodige informatie, capaciteiten, technische toegang en andere bijstand, op basis van de algemeen erkende stand van de techniek, om de aanbieder van het AI-systeem met een hoog risico in staat te stellen volledig te voldoen aan de verplichtingen van deze verordening. Dit lid is niet van toepassing op derden die andere instrumenten, diensten, processen of onderdelen dan AI-modellen voor algemene doeleinden onder een vrije en opensource licentie toegankelijk maken voor het publiek. Het AI-bureau kan vrijwillige modelvoorwaarden ontwikkelen en aanbevelen voor contracten tussen aanbieders van AI-systemen met een hoog risico en derden die instrumenten, diensten, componenten of processen leveren die worden gebruikt of geïntegreerd in AI-systemen met een hoog risico. Bij de ontwikkeling van die vrijwillige modelvoorwaarden moet het AI-bureau rekening houden met de contractuele eisen die kunnen gelden in specifieke sectoren of businesscases. De vrijwillige modelvoorwaarden worden gepubliceerd en kosteloos beschikbaar gesteld in een gemakkelijk bruikbaar elektronisch formaat. | F5: an actor of class 'party' (no inventory entry)
A6: 5 | B6: [1] 32016R0679:27:1:1 [2] 32016R0679:38:3:5 [3] 32016R0679:28:3:13 | C6: [1] de verwerkingsverantwoordelijke of de verwerker [2] De verwerkingsverantwoordelijke en de verwerker [3] de verwerker | D6: verwerker | E6: [1] Wanneer artikel 3, lid 2, van toepassing is, wijst de verwerkingsverantwoordelijke of de verwerker schriftelijk een vertegenwoordiger in de Unie aan. [2] De verwerkingsverantwoordelijke en de verwerker zorgen ervoor dat de functionaris voor gegevensbescherming geen instructies ontvangt met betrekking tot de uitvoering van die taken. Hij wordt door de verwerkingsverantwoordelijke of de verwerker niet ontslagen of gestraft voor de uitvoering van zijn taken. De functionaris voor gegevensbescherming brengt rechtstreeks verslag uit aan de hoogste leidinggevende van de verwerkingsverantwoordelijke of de verwerker. [3] De verwerking door een verwerker wordt geregeld in een overeenkomst of andere rechtshandeling krachtens het Unierecht of het lidstatelijke recht die de verwerker ten aanzien van de verwerkingsverantwoordelijke bindt, en waarin het onderwerp en de duur van de verwerking, de aard en het doel van de verwerking, het soort persoonsgegevens en de categorieën van betrokkenen, en de rechten en verplichtingen van de verwerkingsverantwoordelijke worden omschreven. Die overeenkomst of andere rechtshandelin | F6: verwerker [32016R0679:verwerker] | G6: Defined in 32016R0679 art. 4: een natuurlijke persoon of rechtspersoon, een overheidsinstantie, een dienst of een ander orgaan die/dat ten behoeve van de verwerkingsverantwoordelijke persoonsgegevens verwerkt
A7: 6 | B7: BWBR0009950:6a.6:7:13 | C7: de voorschriften | D7: voorschriften | E7: Voor zover de voorschriften technische normen of specificaties bevatten, stroken deze met de normen, bedoeld in artikel 39, eerste en tweede lid, van richtlijn (EU) 2018/1972. | F7: not an actor (dropped)
A8: 7 | B8: BWBR0009950:7.4:2:2 | C8: Maatregelen van aanbieders van internettoegangsdiensten en voor het publiek beschikbare interpersoonlijke communicatiediensten | D8: Maatregelen van aanbieders van internettoegangsdiensten en voor het publiek beschikbare interpersoonlijke communicatiediensten | E8: Maatregelen van aanbieders van internettoegangsdiensten en voor het publiek beschikbare interpersoonlijke communicatiediensten om de kwaliteit van hun dienstverlening te waarborgen zijn in overeenstemming met de netneutraliteitsverordening. | F8: not an actor (dropped)
A9: 8 | B9: [1] 32022L2555:34:8:11 [2] 32016R0679:46:5:6 [3] 32022L2555:9:1:1 | C9: [1] die lidstaat [2] een lidstaat of een toezichthoudende autoriteit [3] Elke lidstaat | D9: lidstaat | E9: [1] Indien het rechtsstelsel van een lidstaat niet in administratieve geldboeten voorziet, zorgt die lidstaat ervoor dat dit artikel aldus wordt toegepast dat de geldboete wordt geïnitieerd door de bevoegde autoriteit en wordt opgelegd door de bevoegde nationale rechterlijke instanties, waarbij wordt gewaarborgd dat die wettelijke voorzieningen doeltreffend zijn en van gelijke werking zijn als de door bevoegde autoriteiten opgelegde administratieve geldboeten. De opgelegde geldboeten zijn in elk gev [2] Toestemmingen die een lidstaat of een toezichthoudende autoriteit op grond van artikel 26, lid 2, van Richtlijn 95/46/EG heeft verleend, blijven geldig totdat zij door die toezichthoudende autoriteit, indien nodig, worden gewijzigd, vervangen of ingetrokken. De besluiten die de Commissie op grond van artikel 26, lid 4, van Richtlijn 95/46/EG heeft vastgesteld, blijven van kracht totdat zij bij een overeenkomstig lid 2 van dit artikel vastgesteld besluit van de Commissie, indien nodig, worden gew [3] Elke lidstaat gaat over tot het aanwijzen of instellen van een of meer bevoegde autoriteiten die verantwoordelijk zijn voor het beheer van grootschalige cyberbeveiligingsincidenten en crises (cybercrisisbeheerautoriteiten). De lidstaten zien erop toe dat die autoriteiten beschikken over voldoende middelen om de hun toegewezen taken doeltreffend en efficiënt uit te voeren. De lidstaten zorgen voor samenhang met de bestaande kaders voor algemene nationale crisisbeheersing. | F9: lidstaat [KEY:EU:lidstaat] | G9: Known actor (not defined), class state, valid in eu.
A10: 9 | B10: BWBR0052872:39:3:6 | C10: het centrale contactpunt | D10: centrale contactpunt | E10: Op verzoek van het CSIRT of de bevoegde autoriteit stuurt het centrale contactpunt de op grond van de artikelen 25 en 33 ontvangen meldingen door naar de centrale contactpunten van de andere betrokken lidstaten van de Europese Unie. | F10: not an actor (dropped)
A11: 10 | B11: [1] BWBR0009950:4.11:3:5 [2] BWBR0009950:7.1:2:7 [3] BWBR0009950:11.11:5:9 | C11: [1] Een aanbieder [2] Een aanbieder als bedoeld in het eerste lid [3] de desbetreffende aanbieder | D11: aanbieder | E11: [1] Een aanbieder die een nummer behorende tot een door de Autoriteit Consument en Markt op grond van het tweede lid aangewezen categorie niet heeft toegekend gekregen op grond van een aanvraag doet, indien hij het nummer niet langer in gebruik heeft, hiervan mededeling aan de Autoriteit Consument en Markt. Na ontvangst van de in de vorige zin bedoelde mededeling stelt de Autoriteit Consument en Markt de aanbieder naar wie de toekenning van het nummer op grond van het tweede lid is teruggegaan hierv [2] Een aanbieder als bedoeld in het eerste lid verstrekt een consument kosteloos en voorafgaand aan het sluiten van de overeenkomst een beknopte en gemakkelijk leesbare samenvatting van de overeenkomst met gebruikmaking van het daartoe overeenkomstig artikel 102, derde lid, tweede alinea, van richtlijn (EU) 2018/1972 vastgestelde model. In die samenvatting zijn de belangrijkste elementen van de informatie, bedoeld in het eerste lid, opgenomen, waaronder ten minste: a. de naam, het adres en de cont [3] Indien bij het onderzoek blijkt dat het oproepende nummer toebehoort aan een abonnee van een andere aanbieder, verleent de desbetreffende aanbieder op een daartoe strekkend verzoek van de met het onderzoek belaste aanbieder medewerking aan het onderzoek en verstrekt, indien het onderzoek daartoe aanleiding geeft, de beschikbare op het oproepende nummer betrekking hebbende naam-, adres-, postcode- en woonplaatsgegevens aan de aanbieder die met het onderzoek belast is. | F11: an actor of class 'party' (no inventory entry)
A12: 11 | B12: [1] 32024R1689:95:2:3 [2] 32024R1689:50:7:19 [3] 32024R1689:65:8:21 | C12: [1] Het AI-bureau en de lidstaten [2] Het AI-bureau [3] Het AI-bureau | D12: AI-bureau | E12: [1] Het AI-bureau en de lidstaten faciliteren de opstelling van gedragscodes met betrekking tot de vrijwillige toepassing, onder meer door gebruiksverantwoordelijken, van specifieke voorschriften voor alle AI-systemen, op basis van duidelijke doelstellingen en kernprestatie-indicatoren om de verwezenlijking van die doelstellingen te meten, met inbegrip van elementen zoals, maar niet beperkt tot: a) toepasselijke elementen waarin de ethische richtsnoeren van de Unie voor betrouwbare AI voorzien; b) [2] Het AI-bureau stimuleert en faciliteert de opstelling van praktijkcodes op het niveau van de Unie om de doeltreffende uitvoering van de verplichtingen met betrekking tot de opsporing en het labelen van kunstmatig gegenereerde of bewerkte content te vergemakkelijken. De Commissie kan uitvoeringshandelingen vaststellen om die praktijkcodes overeenkomstig de procedure van artikel 56, lid 6, goed te keuren. Indien zij de code ontoereikend acht, kan de Commissie volgens de onderzoeksprocedure van art [3] De AI-board wordt voorgezeten door een van de vertegenwoordigers van de lidstaten. Het AI-bureau verzorgt het secretariaat van de AI-board, roept op verzoek van de voorzitter de vergaderingen bijeen en stelt de agenda op overeenkomstig de taken van de AI-board krachtens deze verordening en overeenkomstig zijn reglement. | F12: AI-bureau [32024R1689:aibureau] | G12: Defined in 32024R1689 art. 3: de taak van de Commissie waarbij zij bijdraagt aan de uitvoering van, de monitoring van en het toezicht op AI-systemen en AI-modellen voor algemene doeleinden, en AI-governance, als bepaald in het besluit van de Commissie van 24 januari 2024; verwijzingen in deze verordening naar het AI-bureau worden begrepen als verwijzingen naar de Commissie
A13: 12 | B13: BWBR0009950:14a.11:3:6 | C13: Een beursgenoteerde betrokken partij, een aangesloten instelling, centraal instituut, intermediair, instelling in het buitenland of buitenlandse instelling met een functie vergelijkbaar met die van het centraal instituut | D13: instelling in het buitenland | E13: Een beursgenoteerde betrokken partij, een aangesloten instelling, centraal instituut, intermediair, instelling in het buitenland of buitenlandse instelling met een functie vergelijkbaar met die van het centraal instituut verleent medewerking aan de Minister bij de tenuitvoerlegging van het eerste lid. | F13: instelling in het buitenland [BWBR0009950:instelling_in_het_buitenland] | G13: Defined in BWBR0009950 art. 14a.1: instelling als bedoeld in artikel 49a, onderdeel b, van de Wet giraal effectenverkeer
A14: 13 | B14: BWBR0009950:3.20a:6:7 | C14: De vergunninghouder, bedoeld in het eerste lid | D14: vergunninghouder | E14: De vergunninghouder, bedoeld in het eerste lid, is aansprakelijk voor de naleving door de huurder van de bij of krachtens deze wet gestelde regels met betrekking tot het frequentiegebruik door de vergunninghouder en van de aan de vergunning verbonden voorschriften en beperkingen en wordt in voorkomend geval aangemerkt als overtreder in de zin van artikel 5.1 van de Algemene wet bestuursrecht. | F14: an actor of class 'party' (no inventory entry)
A15: 14 | B15: 32016R0679:43:3:7 | C15: die eisen | D15: eisen | E15: De accreditatie van de in de leden 1 en 2 van dit artikel bedoelde certificeringsorganen vindt plaats op basis van criteria die zijn goedgekeurd door de op grond van artikel 55 of 56 bevoegde toezichthoudende autoriteit of, overeenkomstig artikel 63, door het Comité. In het geval van een accreditatie in de zin van lid 1, punt b), van dit artikel zijn die eisen een aanvulling op de eisen van Verordening (EG) nr. 765/2008 en de technische regels die een beschrijving van de methoden en procedures van de certificeringsorganen geven. | F15: not an actor (dropped)
A16: 15 | B16: [1] 32022R2554:15:whole:3 [2] 32022R2554:28:9:36 [3] 32022R2554:20:whole:4 | C16: [1] De ETA’s [2] De ETA’s [3] De ETA’s | D16: ETA’s | E16: [1] De ETA’s stellen via het Gemengd Comité en in overleg met het Agentschap van de Europese Unie voor cyberbeveiliging (Enisa), gemeenschappelijke ontwerpen van technische reguleringsnormen op met het doel: a) nadere elementen te specificeren die moeten worden opgenomen in de beleidslijnen, procedures, protocollen en instrumenten met betrekking tot ICT-beveiliging als bedoeld in artikel 9, lid 2, teneinde de veiligheid van netwerken te garanderen, passende waarborgen tegen inbreuken en misbruik va [2] De ETA’s ontwikkelen via het Gemengd Comité ontwerpen van technische uitvoeringsnormen voor de vaststelling van standaardmodellen ten behoeve van het in lid 3 bedoelde informatieregister, waarin informatie wordt opgenomen inzake het gebruik van ICT-diensten die voor alle contractuele overeenkomsten van toepassing is. De ETA’s leggen deze ontwerpen van technische uitvoeringsnormen uiterlijk op 17 januari 2024 voor aan de Commissie. Aan de Commissie wordt de bevoegdheid verleend om de in de eerst [3] De ETA’s ontwikkelen via het Gemengd Comité en in overleg met Enisa en de ECB: a) gemeenschappelijke ontwerpen van technische reguleringsnormen om: i) de inhoud van de rapporten voor ernstige ICT-gerelateerde incidenten vast te stellen, waarbij de in artikel 18, lid 1, vastgelegde criteria worden gehanteerd en verdere elementen worden opgenomen, zoals bijzonderheden voor de vaststelling van de relevantie van rapportage voor andere lidstaten en voor het bepalen of het incident al dan niet een er | F16: not an actor (dropped)
A17: 16 | B17: BWBR0009950:11.3a:3:3 | C17: De kennisgeving aan de Autoriteit persoonsgegevens en de persoon wiens persoonsgegevens het betreft | D17: kennisgeving aan de Autoriteit persoonsgegevens en de persoon | E17: De kennisgeving aan de Autoriteit persoonsgegevens en de persoon wiens persoonsgegevens het betreft, omvat in ieder geval de aard van de inbreuk in verband met persoonsgegevens, de instanties waar meer informatie over de inbreuk kan worden verkregen en de aanbevolen maatregelen om de negatieve gevolgen van de inbreuk te beperken. De kennisgeving aan de Autoriteit persoonsgegevens omvat tevens de gevolgen van de inbreuk op de persoonsgegevens en de maatregelen die de aanbieder voorstelt of heeft getroffen om de inbreuk aan te pakken. | F17: not an actor (dropped)
A18: 17 | B18: BWBR0040940:35:6:9 | C18: De verwerkingsverantwoordelijke en belanghebbende | D18: verwerkingsverantwoordelijke | E18: De rechtbank kan partijen en anderen verzoeken binnen een door haar te bepalen termijn schriftelijke inlichtingen te geven en onder hen berustende stukken in te zenden. De verwerkingsverantwoordelijke en belanghebbende zijn verplicht aan dit verzoek te voldoen. De artikelen 8:45, tweede en derde lid, en 8:29 van de Algemene wet bestuursrecht zijn van overeenkomstige toepassing. | F18: an actor of class 'party' (no inventory entry)
A19: 18 | B19: BWBR0009950:14a.10:2:2 | C19: degene aan wie een verbod op grond van artikel 14a.4 is opgelegd | D19: degene | E19: Het is degene aan wie een verbod op grond van artikel 14a.4 is opgelegd verboden de zeggenschap bedoeld in dat verbod, of een deel daarvan, over te dragen aan: a. een ongewenst persoon, b. een persoon aan wie een verbod op grond van artikel 14a.4 is opgelegd, c. een persoon die nauwe banden heeft met of onder invloed staat van een persoon als bedoeld onder a of b. | F19: not an actor (dropped)
A20: 19 | B20: 32024R1689:56:6:16 | C20: Het AI-bureau en de AI-board | D20: AI-board | E20: Het AI-bureau en de AI-board monitoren en evalueren regelmatig of de deelnemers de doelstellingen van de praktijkcodes verwezenlijken en bijdragen aan de correcte toepassing van deze verordening. Het AI-bureau en de AI-board beoordelen of de praktijkcodes betrekking hebben op de verplichtingen van de artikelen 53 en 55, en monitoren en evalueren regelmatig of de doelstellingen daarvan worden verwezenlijkt. Zij maken hun beoordeling of de praktijkcodes toereikend zijn bekend. De Commissie kan door middel van een uitvoeringshandeling een praktijkcode goedkeuren en deze binnen de Unie een algemene geldigheid verlenen. Die uitvoeringshandeling wordt vastgesteld volgens de in artikel 98, lid 2, bedoelde onderzoeksprocedure. | F20: AI-board [KEY:32024R1689:aiboard] | G20: Known actor (not defined), class body, valid in 32024R1689. Aliases: Europese raad voor artificiële intelligentie.
A21: 20 | B21: BWBR0040940:14:1:1 | C21: De Autoriteit persoonsgegevens | D21: Autoriteit persoonsgegevens | E21: De Autoriteit persoonsgegevens is bevoegd om de taken uit te voeren en de bevoegdheden uit te oefenen die bij of krachtens de verordening zijn toegekend aan de toezichthoudende autoriteit. | F21: not an actor (dropped)
A22: 21 | B22: BWBR0009950:14a.7:2:3 | C22: Een aangesloten instelling, centraal instituut, intermediair, instelling in het buitenland, bewaarder van een beleggingsinstelling en buitenlandse instelling met een functie vergelijkbaar met die van het centraal instituut | D22: bewaarder van een beleggingsinstelling en buitenlandse instelling met een functie | E22: Een aangesloten instelling, centraal instituut, intermediair, instelling in het buitenland, bewaarder van een beleggingsinstelling en buitenlandse instelling met een functie vergelijkbaar met die van het centraal instituut onthouden zich van gedragingen waardoor degene die in strijd met artikel 14a.4, eerste lid, overwegende zeggenschap heeft in een beursgenoteerde betrokken partij, in strijd met het bepaalde in het eerste lid kan handelen. | F22: not an actor (dropped)
A23: 22 | B23: 32024R1689:4:whole:1 | C23: Aanbieders en gebruiksverantwoordelijken van AI-systemen | D23: gebruiksverantwoordelijken | E23: Aanbieders en gebruiksverantwoordelijken van AI-systemen nemen maatregelen om, zoveel als mogelijk, te zorgen voor een toereikend niveau van AI-geletterdheid bij hun personeel en andere personen die namens hen AI-systemen exploiteren en gebruiken, en houden daarbij rekening met hun technische kennis, ervaring, onderwijs en opleiding en de context waarin de AI-systemen zullen worden gebruikt, evenals met de personen of groepen personen ten aanzien van wie de AI-systemen zullen worden gebruikt. | F23: gebruiksverantwoordelijke [32024R1689:gebruiksverantwoordelijke] | G23: Defined in 32024R1689 art. 3: een natuurlijke of rechtspersoon, overheidsinstantie, agentschap of ander orgaan die/dat een AI-systeem onder eigen verantwoordelijkheid gebruikt, tenzij het AI-systeem wordt gebruikt in het kader van een persoonlijke niet-beroepsactiviteit
A24: 23 | B24: BWBR0052872:49:6:7 | C24: Onze Minister van Economische Zaken | D24: Onze Minister van Economische Zaken | E24: Bij regeling van Onze Minister van Economische Zaken kunnen nadere regels worden gesteld ten aanzien van het bepaalde in dit artikel. | F24: Onze Minister [BWBR0052872:onze_minister] | G24: Defined in BWBR0052872 art. 1: Onze Minister van Justitie en Veiligheid
A25: 24 | B25: BWBR0052872:51:2:4 | C25: De bevoegde autoriteiten, de CSIRT’s en het centrale contactpunt | D25: CSIRT’s | E25: De bevoegde autoriteiten, de CSIRT’s en het centrale contactpunt werken voor de doeltreffende en doelmatige uitvoering van hun taken uit hoofde van deze wet samen met de volgende instanties in Nederland en wisselen in het kader van die samenwerking alle daarvoor noodzakelijke gegevens uit, waaronder persoonsgegevens: a. de politie, het openbaar ministerie en de bijzondere opsporingsdiensten, genoemd in artikel 2 van de Wet op de bijzondere opsporingsdiensten; b. de Autoriteit persoonsgegevens; c. de nationale bevoegde autoriteiten, bedoeld in de Verordening (EG) nr. 300/2008 en Verordening (EU) 2018/1139; d. Onze Minister van Economische Zaken uit hoofde van de Verordening (EU) nr. 910/2014; e. de bevoegde autoriteiten uit hoofde van de Verordening (EU) 2022/2554; f. Onze Minister van Economische Zaken uit hoofde van de Richtlijn (EU) 2018/1972; g. de bevoegde autoriteiten, bedoeld in artikel 8 van de Wet weerbaarheid kritieke entiteiten; h. de inlichtingen- en veiligheidsdiensten, bedoeld in de Wet op de inlichtingen- en veiligheidsdiensten 2017; en i. de bij of krachtens algemene maatregel van bestuur aangewezen autoriteiten. | F25: CSIRT [BWBR0052872:csirt] | G25: Defined in BWBR0052872 art. 1: een Computer security incident response team, bedoeld in artikel 10 van de NIS2-richtlijn en bedoeld in artikel 16
A26: 25 | B26: 32022R2554:49:2:7 | C26: De bevoegde autoriteiten, de ETA’s en de ECB | D26: ECB | E26: De bevoegde autoriteiten, de ETA’s en de ECB werken onderling nauw samen en wisselen informatie uit om hun taken overeenkomstig de artikelen 47 tot en met 54 te verrichten. Zij coördineren ten nauwste hun toezicht teneinde inbreuken op deze verordening op te sporen en te corrigeren, goede praktijken te ontwikkelen en te stimuleren, samenwerking te vergemakkelijken, een consistente interpretatie van ter zake geldende bepalingen te bevorderen, en in geval van meningsverschil rechtsgebiedoverschrijdende beoordelingen te geven. | F26: not an actor (dropped)
A27: 26 | B27: 32022L2555:19:6:16 | C27: De samenwerkingsgroep | D27: samenwerkingsgroep | E27: De collegiale toetsingen omvatten fysieke of virtuele bezoeken ter plaatse en informatie-uitwisselingen elders. In overeenstemming met het beginsel van goede samenwerking verstrekt de aan een collegiale toetsing onderworpen lidstaat de aangewezen cyberbeveiligingsdeskundigen de informatie die nodig is voor de beoordeling, onverminderd het Unie- of nationale recht inzake de bescherming van vertrouwelijke of gerubriceerde informatie en de bescherming van essentiële staatsfuncties, zoals de nationale veiligheid. De samenwerkingsgroep ontwikkelt in samenwerking met de Commissie en Enisa passende gedragscodes ter ondersteuning van de werkmethoden van de aangewezen cyberbeveiligingsdeskundigen. Alle informatie die via de collegiale toetsing wordt verkregen, wordt uitsluitend voor dat doel gebruikt. De cyberbeveiligingsdeskundigen die aan de collegiale toetsing deelnemen, maken geen gevoelige of vertrouwelijke informatie die zij uit hoofde van die collegiale toetsing hebben verkregen, bekend aan derden. | F27: not an actor (dropped)
A28: 27 | B28: 32022L2555:30:1:1 | C28: essentiële en belangrijke entiteiten | D28: essentiële en belangrijke entiteiten | E28: De lidstaten zorgen ervoor dat, naast de in artikel 23 geregelde meldingsplicht, op vrijwillige basis meldingen bij de CSIRT’s of, indien van toepassing, de bevoegde autoriteiten kunnen worden ingediend door: a) essentiële en belangrijke entiteiten betreffende cyberdreigingen en bijna-incidenten; b) andere dan in punt a) bedoelde entiteiten, ongeacht of zij binnen het toepassingsgebied van deze richtlijn vallen, wat significante incidenten, cyberdreigingen en bijna-incidenten betreft. | F28: entiteit [32022L2555:entiteit] | G28: Defined in 32022L2555 art. 6: een natuurlijke of rechtspersoon die als zodanig is opgericht en erkend volgens het nationale recht van zijn vestigingsplaats, en die in eigen naam rechten kan uitoefenen en aan verplichtingen kan worden onderworpen
A29: 28 | B29: BWBR0009950:11.9:1:2 | C29: De aanbieder van een openbaar elektronisch communicatienetwerk en de aanbieder van een openbare elektronische communicatiedienst die door middel van dat netwerk of als onderdeel van die dienst nummeridentificatie aanbiedt | D29: aanbieder van een openbaar elektronisch communicatienetwerk | E29: De aanbieder van een openbaar elektronisch communicatienetwerk en de aanbieder van een openbare elektronische communicatiedienst die door middel van dat netwerk of als onderdeel van die dienst nummeridentificatie aanbiedt, biedt: a. aan iedere oproepende gebruiker onderscheidenlijk abonnee mogelijkheden aan om kosteloos de verstrekking van het nummer van het oproepende netwerkaansluitpunt dan wel een nummer waarmee een individuele gebruiker kan worden geïdentificeerd te blokkeren onderscheidenlijk de verstrekking van nummers van oproepende netwerkaansluitpunten dan wel nummers waarmee individuele gebruikers kunnen worden geïdentificeerd voor elke afzonderlijke abonneelijn te blokkeren; b. aan iedere opgeroepen abonnee mogelijkheden aan om: 1°. de verstrekking van het nummer van het oproepende netwerkaansluitpunt dan wel een nummer waarmee een individuele gebruiker kan worden geïdentificeerd te verhinderen; 2°. oproepen waarbij de verstrekking van het nummer van het oproepende netwerkaansluitpunt dan wel een nummer waarmee een individuele gebruiker kan worden geïdentificeerd is geblokkeerd, te weigeren; 3°. indien nummeridentificatie als bedoeld in artikel 1.1, wordt aangeboden, kosteloos de verstrekking van het nummer van het opgeroepen netwerkaansluitpunt dan wel een nummer waarmee een individuele gebruiker kan worden geïdentificeerd aan het oproepende netwerkaansluitpunt te blokkeren. | F29: aanbieder van een openbaar elektronisch communicatienetwerk [BWBR0009950:aanbieder_van_een_openbaar_elektronisch_communicatienetwerk] | G29: Defined in BWBR0009950 art. 5.1: degene die in eigen naam en voor eigen rekening kabels ten dienste van een dergelijk netwerk aanlegt, instandhoudt en opruimt.
A30: 29 | B30: BWBR0009950:15.7b:2:4 | C30: De ambtenaar die gebruik heeft gemaakt van de bevoegdheid, bedoeld in het eerste lid | D30: ambtenaar | E30: De ambtenaar die gebruik heeft gemaakt van de bevoegdheid, bedoeld in het eerste lid, maakt daarvan een schriftelijk verslag op waarin hij vermeldt: a. zijn naam of nummer en hoedanigheid; b. de motivering van de noodzaak tot uitoefening van de bevoegdheid; c. de voorschriften op de naleving waarvan wordt toegezien; d. het adres, waaronder indien van toepassing, het elektronische adres, waar de uitrusting of het radioapparaat is verkregen en, voor zover bekend, de omschrijving van de betrokken marktdeelnemer; e. de onjuiste of onvolledige gegevens die bij de handelingen ten behoeve van het verkrijgen van de uitrusting of het radioapparaat zijn verstrekt; f. de wijze waarop en het tijdvak waarin de handelingen hebben plaatsgevonden; g. hetgeen tijdens het onderzoek van de uitrusting of het radioapparaat is verricht, gebleken en overigens is voorgevallen. | F30: not an actor (dropped)
A31: 30 | B31: BWBR0052872:36:2:4 | C31: Het CSIRT | D31: CSIRT | E31: Het CSIRT verleent aanvullende technische ondersteuning indien de betrokken entiteit daar om verzoekt. | F31: CSIRT [BWBR0052872:csirt] | G31: Defined in BWBR0052872 art. 1: een Computer security incident response team, bedoeld in artikel 10 van de NIS2-richtlijn en bedoeld in artikel 16
A32: 31 | B32: 32022L2555:23:4:9 | C32: de betrokken entiteiten | D32: betrokken entiteiten | E32: De lidstaten zorgen ervoor dat de betrokken entiteiten, voor de in lid 1 bedoelde melding, bij het CSIRT of, indien van toepassing, de bevoegde autoriteit: a) onverwijld en in elk geval binnen 24 uur nadat zij kennis hebben gekregen van het significante incident, een vroegtijdige waarschuwing geven, waarin, indien van toepassing, wordt aangegeven of het significante incident vermoedelijk door een onrechtmatige of kwaadwillige handeling is veroorzaakt, dan wel grensoverschrijdende gevolgen zou kunnen hebben; b) onverwijld en in elk geval binnen 72 uur nadat zij kennis hebben gekregen van het significante incident, een incidentmelding indienen met, indien van toepassing, een update van de in punt a) bedoelde informatie, een initiële beoordeling van het significante incident, met inbegrip van de ernst en de gevolgen ervan en, indien beschikbaar, de indicatoren voor aantasting; c) op verzoek van het CSIRT of, indien van toepassing, de bevoegde autoriteit, een tussentijds verslag indienen over relevante updates van de situatie; d) uiterlijk één maand na de indiening van het in punt b) bedoelde incidentmelding, een eindverslag indienen waarin het volgende is opgenomen: i) een gedetailleerde beschrijving van het incident, met inbegrip van de ernst en de gevolgen ervan; ii) het soort bedreiging of de grondoorzaak die waarschijnlijk tot het incident heeft geleid; iii) toegepaste en lopende risicobeperkende maatregelen; iv) in voorkomend geval, de grensoverschrijdende gevolgen | F32: entiteit [32022L2555:entiteit] | G32: Defined in 32022L2555 art. 6: een natuurlijke of rechtspersoon die als zodanig is opgericht en erkend volgens het nationale recht van zijn vestigingsplaats, en die in eigen naam rechten kan uitoefenen en aan verplichtingen kan worden onderworpen
A33: 32 | B33: [1] BWBR0048156:9:8:16 [2] BWBR0048156:11:8:9 [3] BWBR0048156:14:8:15 | C33: [1] Onze Minister [2] Onze Minister [3] Onze Minister | D33: Onze Minister | E33: [1] Een erkenning kan op verzoek van de houder worden ingetrokken. Onze Minister kan bij dit besluit de houder verplichten zijn activiteiten voort te zetten gedurende een door Onze Minister te bepalen periode, voor zover dat nodig is om continuïteit van betrouwbare toegang tot elektronische dienstverlening te borgen. [2] Onze Minister weigert een aanvraag tot erkenning, indien zwaarwegende redenen zich tegen erkenning verzetten. Van dergelijke redenen is sprake in geval ernstig gevaar bestaat dat de erkenning mede zal worden gebruikt om strafbare feiten te plegen of uit strafbare feiten verkregen of te verkrijgen voordelen te benutten of anderszins de betrouwbaarheid en veiligheid van het Nederlandse stelsel voor elektronische dienstverlening in gevaar komt. [3] Van een besluit als bedoeld in dit artikel doet Onze Minister mededeling in de Staatscourant. | F33: Onze Minister [BWBR0048156:onze_minister] | G33: Defined in BWBR0048156 art. 1: Onze Minister van Binnenlandse Zaken en Koninkrijksrelaties
A34: 33 | B34: 32024R1689:17:1:2 | C34: Dit systeem | D34: systeem | E34: Aanbieders van AI-systemen met een hoog risico voorzien in een systeem voor kwaliteitsbeheer dat de naleving van deze verordening waarborgt. Dit systeem wordt op systematische en ordelijke wijze gedocumenteerd in de vorm van schriftelijke beleidslijnen, procedures en instructies en omvat ten minste de volgende aspecten: a) een strategie voor de naleving van de regelgeving, inclusief de naleving van de conformiteitsbeoordelingsprocedures en de procedures voor het beheer van de wijzigingen van het AI-systeem met een hoog risico; b) technieken, procedures en systematische maatregelen die moeten worden toegepast voor het ontwerp, de controle van het ontwerp en de verificatie van het ontwerp van het AI-systeem met een hoog risico; c) technieken, procedures en systematische maatregelen die moeten worden toegepast voor de ontwikkeling, de kwaliteitscontrole en de kwaliteitsborging van het AI-systeem met een hoog risico; d) procedures voor het inspecteren, testen en valideren die vóór, tijdens en na de ontwikkeling van het AI-systeem met een hoog risico moeten worden uitgevoerd en de regelmaat waarmee zij moeten worden uitgevoerd; e) technische specificaties, met inbegrip van normen, die moeten worden toegepast en, wanneer de relevante geharmoniseerde normen niet volledig worden toegepast of geen betrekking hebben op alle relevante eisen van afdeling 2, de middelen die worden gebruikt om ervoor te zorgen dat het AI-systeem met een hoog risico in overeenstemming is met deze eisen | F34: not an actor (dropped)
A35: 34 | B35: 32022R2554:30:2:5 | C35: De contractuele overeenkomsten inzake het gebruik van ICT-diensten | D35: contractuele overeenkomsten inzake het gebruik van ICT-diensten | E35: De contractuele overeenkomsten inzake het gebruik van ICT-diensten bevatten ten minste de volgende elementen: a) een duidelijke en volledige beschrijving van alle door de derde aanbieder van ICT-diensten te leveren functies en ICT-diensten, met vermelding of het uitbesteden van een ICT-dienst die een kritieke of belangrijke functie ondersteunt, of van materiële onderdelen daarvan, is toegestaan en indien dit het geval is, welke voorwaarden op die uitbesteding van toepassing zijn; b) de locaties, met name de regio’s of landen, waar de contractueel overeengekomen of uitbestede functies en ICT-diensten moeten worden geleverd en waar gegevens moeten worden verwerkt, met inbegrip van de opslaglocatie, en de verplichting voor de derde aanbieder van ICT-diensten om de financiële entiteit vooraf in kennis te stellen indien hij voornemens is van locatie te veranderen; c) bepalingen inzake beschikbaarheid, authenticiteit, integriteit en vertrouwelijkheid met betrekking tot de bescherming van gegevens, met inbegrip van persoonsgegevens; d) bepalingen inzake het waarborgen van de toegang, het herstel en de teruggave in een gemakkelijk toegankelijk formaat van door de financiële entiteit verwerkte persoonsgegevens en niet-persoonsgebonden gegevens in geval van insolventie, afwikkeling of stopzetting van de bedrijfsactiviteiten van de derde aanbieder van ICT-diensten, of in geval van beëindiging van de contractuele overeenkomsten; e) beschrijvingen van het dienstenniveau, met inbegrip | F35: not an actor (dropped)
A36: 35 | B36: [1] 32016R0679:64:1:1 [2] 32016R0679:70:1:8 [3] 32016R0679:70:1:18 | C36: [1] Het Comité [2] Het Comité [3] Het Comité | D36: Comité | E36: [1] Het Comité brengt een advies uit wanneer een bevoegde toezichthoudende autoriteit voornemens is een van onderstaande maatregelen vast te stellen. Hiertoe deelt de bevoegde toezichthoudende autoriteit het Comité het ontwerpbesluit mee indien het: a) de vaststelling beoogt van een lijst van verwerkingen waarvoor de eis inzake een gegevensbeschermingseffectbeoordeling overeenkomstig artikel 35, lid 4, geldt; b) betrekking heeft op de vraag, overeenkomstig artikel 40, lid 7, of een gedragscode of [2] Het Comité zorgt ervoor dat deze verordening consequent wordt toegepast. Daartoe doet het Comité op eigen initiatief of, waar passend, op verzoek van de Commissie met name het volgende: a) toezien op en zorgen voor de juiste toepassing van deze verordening in de in de artikelen 64 en 65 bedoelde gevallen, onverminderd de taken van de nationale toezichthoudende autoriteiten; b) adviseren van de Commissie over aangelegenheden in verband met de bescherming van persoonsgegevens in de Unie, waarond [3] Het Comité zorgt ervoor dat deze verordening consequent wordt toegepast. Daartoe doet het Comité op eigen initiatief of, waar passend, op verzoek van de Commissie met name het volgende: a) toezien op en zorgen voor de juiste toepassing van deze verordening in de in de artikelen 64 en 65 bedoelde gevallen, onverminderd de taken van de nationale toezichthoudende autoriteiten; b) adviseren van de Commissie over aangelegenheden in verband met de bescherming van persoonsgegevens in de Unie, waarond | F36: Comité [KEY:32016R0679:comite] | G36: Known actor (not defined), class body, valid in 32016R0679. Aliases: Europees Comité voor gegevensbescherming.
A37: 36 | B37: 32016R0679:26:1:3 | C37: twee of meer verwerkingsverantwoordelijken | D37: twee of meer verwerkingsverantwoordelijken | E37: Wanneer twee of meer verwerkingsverantwoordelijken gezamenlijk de doeleinden en middelen van de verwerking bepalen, zijn zij gezamenlijke verwerkingsverantwoordelijken. Zij stellen op transparante wijze hun respectieve verantwoordelijkheden voor de nakoming van de verplichtingen uit hoofde van deze verordening vast, met name met betrekking tot de uitoefening van de rechten van de betrokkene en hun respectieve verplichtingen om de in de artikelen 13 en 14 bedoelde informatie te verstrekken, door middel van een onderlinge regeling, tenzij en voor zover de respectieve verantwoordelijkheden van de verwerkingsverantwoordelijken zijn vastgesteld bij een Unierechtelijke of lidstaatrechtelijke bepaling die op de verwerkingsverantwoordelijken van toepassing is. In de regeling kan een contactpunt voor betrokkenen worden aangewezen. | F37: verwerkingsverantwoordelijke [32016R0679:verwerkingsverantwoordelijke] | G37: Defined in 32016R0679 art. 4: een natuurlijke persoon of rechtspersoon, een overheidsinstantie, een dienst of een ander orgaan die/dat, alleen of samen met anderen, het doel van en de middelen voor de verwerking van persoonsgegevens vaststelt; wanneer de doelstellingen van en de middelen voor deze verwerking in het Unierecht of het lidstatelijke recht worden vastgesteld, kan daarin worden bepaald wie de verwerkingsverantwoordelijke is of volgens welke criteria deze wordt aangewezen
A38: 37 | B38: BWBR0009950:11.5a:3:3 | C38: de aanbieder van de dienst met toegevoegde waarde | D38: aanbieder van de dienst met toegevoegde waarde | E38: De verwerking van de gegevens ten behoeve van de levering van een dienst met toegevoegde waarde als bedoeld in het eerste lid, onderdeel b, is slechts toegestaan voor zover en voor zolang dat noodzakelijk is voor de levering van de desbetreffende dienst. In afwijking van de eerste volzin mag de aanbieder van de dienst met toegevoegde waarde die gegevens verwerken die noodzakelijk zijn voor het opstellen van een factuur. Artikel 11.5, tweede lid, laatste volzin, is van overeenkomstige toepassing. | F38: an actor of class 'party' (no inventory entry)
A39: 38 | B39: 32022L2555:32:2:3 | C39: de gecontroleerde entiteit | D39: gecontroleerde entiteit | E39: De lidstaten zorgen ervoor dat de bevoegde autoriteiten bij de uitoefening van hun toezichthoudende taken met betrekking tot essentiële entiteiten de bevoegdheid hebben om deze entiteiten te onderwerpen aan ten minste: a) inspecties ter plaatse en toezicht elders, met inbegrip van steekproefsgewijze controles die worden uitgevoerd door daartoe opgeleide professionals; b) regelmatige en gerichte beveiligingsaudits die worden uitgevoerd door een onafhankelijke instantie of een bevoegde autoriteit; c) ad-hocaudits, ook in gevallen waarin dat gerechtvaardigd is op grond van een significant incident of inbreuk op deze richtlijn door de essentiële entiteit; d) beveiligingsscans op basis van objectieve, niet-discriminerende, eerlijke en transparante risicobeoordelingscriteria, indien nodig in samenwerking met de betrokken entiteit; e) verzoeken om informatie die nodig is om de door de betrokken entiteit genomen maatregelen voor het beheer van cyberbeveiligingsrisico’s te beoordelen, met inbegrip van gedocumenteerd cyberbeveiligingsbeleid, alsmede de naleving van de verplichting op grond van artikel 27 om bij de bevoegde autoriteiten informatie in te dienen; f) verzoeken om toegang tot gegevens, documenten en informatie die nodig zijn voor de uitoefening van hun toezichthoudende taken; g) verzoeken om bewijs van de uitvoering van het cyberbeveiligingsbeleid, zoals de resultaten van beveiligingsaudits die door een gekwalificeerde auditor zijn uitgevoerd en de respectieve onderl | F39: entiteit [32022L2555:entiteit] | G39: Defined in 32022L2555 art. 6: een natuurlijke of rechtspersoon die als zodanig is opgericht en erkend volgens het nationale recht van zijn vestigingsplaats, en die in eigen naam rechten kan uitoefenen en aan verplichtingen kan worden onderworpen
A40: 39 | B40: 32022R2554:12:3:13 | C40: centrale tegenpartij | D40: centrale tegenpartij | E40: Wanneer financiële entiteiten back-upgegevens terugzetten met behulp van eigen systemen, maken zij gebruik van ICT-systemen die fysiek of logisch gescheiden zijn van het bron-ICT-systeem. De ICT-systemen zijn tegen ongeoorloofde toegang of beschadiging van ICT beveiligd en maken het mogelijk diensten indien nodig tijdig terug te zetten met gebruikmaking van gegevens en systeemback-ups. Voor centrale tegenpartijen maken de herstelplannen het herstel mogelijk van alle transacties ten tijde van de verstoring, om de centrale tegenpartij in staat te stellen haar activiteiten met zekerheid voort te zetten en de transactie af te wikkelen op de geplande datum. Aanbieders van datarapporteringsdiensten houden daarnaast voldoende middelen aan en beschikken over back-up- en terugzetfaciliteiten om hun diensten te allen tijde aan te bieden en te onderhouden. | F40: centrale tegenpartij [32022R2554:centrale_tegenpartij] | G40: Defined in 32022R2554 art. 3: een centrale tegenpartij in de zin van artikel 2, punt 1), van Verordening (EU) nr. 648/2012
A41: 40 | B41: BWBR0040940:5:1:1 | C41: zijn wettelijk vertegenwoordiger | D41: wettelijk vertegenwoordiger | E41: Indien artikel 8 van de verordening niet van toepassing is en sprake is van toestemming als bedoeld in artikel 4, onderdeel elf, van de verordening en de betrokkene heeft de leeftijd van zestien jaren nog niet bereikt, is in plaats van toestemming van de betrokkene, de toestemming van zijn wettelijk vertegenwoordiger vereist. | F41: an actor of class 'party' (no inventory entry)
A42: 41 | B42: BWBR0040940:7:8:12 | C42: Onze Minister | D42: Onze Minister | E42: Op eigen verzoek worden de voorzitter, de andere leden en de buitengewone leden van de Autoriteit persoonsgegevens door Onze Minister ontslagen. | F42: Onze Minister [BWBR0040940:onze_minister] | G42: Defined in BWBR0040940 art. 1: Onze Minister voor Rechtsbescherming
A43: 42 | B43: BWBR0009950:12.6:whole:1 | C43: Een bij een geschil betrokken partij | D43: bij een geschil betrokken partij | E43: Een bij een geschil betrokken partij volgt de door de Autoriteit Consument en Markt op grond van artikel 12.2 genomen besluit op. De Autoriteit Consument en Markt kan daarbij termijnen stellen. | F43: betrokken partij [BWBR0009950:betrokken_partij] | G43: Defined in BWBR0009950 art. 14a.1: telecommunicatiepartij waarop een verbod als bedoeld in artikel 14a.4, eerste lid, betrekking heeft
A44: 43 | B44: [1] 32022R2554:27:2:6 [2] 32022R2554:12:4:15 [3] 32022R2554:8:1:4 | C44: [1] de financiële entiteiten [2] Andere financiële entiteiten dan micro-ondernemingen [3] financiële entiteiten | D44: financiële entiteiten | E44: [1] Bij het inzetten van interne testers zorgen de financiële entiteiten ervoor dat, naast de vereisten van lid 1, de volgende voorwaarden worden vervuld: a) dergelijk inzetten van interne testers is goedgekeurd door de relevante bevoegde autoriteit of de overeenkomstig artikel 26, leden 9 en 10, aangewezen enige overheidsinstantie; b) de relevante bevoegde autoriteit heeft geverifieerd dat de financiële entiteit voldoende middelen heeft ingezet en heeft ervoor gezorgd dat belangenconflicten gedur [2] Andere financiële entiteiten dan micro-ondernemingen houden ICT-capaciteiten in reserve met middelen, capaciteiten en functies die geschikt zijn om te voorzien in de zakelijke behoeften. Micro-ondernemingen gaan op basis van hun risicoprofiel na of dergelijke reservecapaciteiten behouden moeten worden. [3] In het kader van het in artikel 6, lid 1, bedoelde kader voor ICT-risicobeheer identificeren, classificeren en documenteren financiële entiteiten naar behoren alle door ICT ondersteunde bedrijfsfuncties, taken en verantwoordelijkheden, de informatie- en ICT-activa die deze functies ondersteunen, en hun taken en afhankelijkheden met betrekking tot ICT-risico’s. Financiële entiteiten evalueren indien nodig en ten minste eenmaal per jaar of deze classificatie en de relevante documentatie adequaat i | F44: an actor of class 'party' (no inventory entry)
A45: 44 | B45: 32016R0679:62:3:8 | C45: de leden of de personeelsleden van de ondersteunende toezichthoudende autoriteit | D45: leden | E45: Een toezichthoudende autoriteit kan overeenkomstig het lidstatelijke recht en met toestemming van de ondersteunende toezichthoudende autoriteit, aan de aan gezamenlijke werkzaamheden deelnemende leden of personeelsleden van de ondersteunende toezichthoudende autoriteit bevoegdheden toekennen, onder meer in verband met het voeren van onderzoek, of, voor zover het nationale recht de ontvangende toezichthoudende autoriteit dat toestaat, de leden of de personeelsleden van de ondersteunende toezichthoudende autoriteit toestaan om hun onderzoeksbevoegdheden overeenkomstig het nationale recht van de ondersteunende toezichthoudende autoriteit uit te oefenen. Deze onderzoeksbevoegdheden mogen hierbij uitsluitend worden uitgeoefend onder leiding en in aanwezigheid van leden of personeelsleden van de ontvangende toezichthoudende autoriteit. De leden of de personeelsleden van de ondersteunende toezichthoudende autoriteit zijn onderworpen aan het recht van de lidstaat van de ontvangende toezichthoudende autoriteit. | F45: an actor of class 'office' (no inventory entry)
A46: 45 | B46: 32024R1689:59:1:1 | C46: aanbieders | D46: aanbieders | E46: In de aI-testomgeving voor regelgeving mogen rechtmatig voor andere doeleinden verzamelde persoonsgegevens uitsluitend worden verwerkt ten behoeve van het ontwikkelen, trainen en testen van bepaalde AI-systemen in de testomgeving indien aan alle volgende voorwaarden is voldaan: a) Er worden AI-systemen ontwikkeld zodat een overheidsinstantie of een andere natuurlijke of rechtspersoon een aanzienlijk openbaar belang kan waarborgen op een of meer van de volgende gebieden: i) openbare veiligheid en volksgezondheid, met inbegrip van opsporing, diagnosticering, preventie, bestrijding en behandeling van ziekten en verbetering van gezondheidszorgstelsels; ii) een hoog niveau van bescherming en verbetering van de kwaliteit van het milieu, bescherming van de biodiversiteit, bescherming tegen vervuiling, maatregelen voor de groene transitie en maatregelen ter beperking van en aanpassing aan klimaatverandering; iii) energieduurzaamheid; iv) de veiligheid en veerkracht van vervoerssystemen en mobiliteit, kritieke vervoersinfrastructuur en vervoersnetwerken; v) doeltreffendheid en kwaliteit van het openbaar bestuur en de openbare diensten; b) de verwerkte data zijn nodig om te voldoen aan een of meer van de in hoofdstuk III, afdeling 2, bedoelde eisen wanneer die eisen niet doeltreffend kunnen worden vervuld door het verwerken van geanonimiseerde, synthetische of andere niet persoonsgebonden data; c) er zijn doeltreffende monitoringmechanismen om vast te stellen of zich tijdens de | F46: aanbieder [32024R1689:aanbieder] | G46: Defined in 32024R1689 art. 3: een natuurlijke of rechtspersoon, overheidsinstantie, agentschap of ander orgaan die/dat een AI-systeem of een AI-model voor algemene doeleinden ontwikkelt of laat ontwikkelen en dat systeem of model in de handel brengt of het AI-systeem in gebruik stelt onder de eigen naam of merk, al dan niet tegen betaling
A47: 46 | B47: BWBR0040940:11:5:5 | C47: De leden | D47: leden | E47: De leden stellen een verdeling van taken vast en betrekken hierbij zoveel mogelijk de buitengewone leden. | F47: an actor of class 'office' (no inventory entry)
A48: 47 | B48: [1] 32022R2554:47:3:5 [2] 32022R2554:33:5:9 [3] 32022L2555:32:5:22 | C48: [1] de bevoegde autoriteiten [2] de bevoegde autoriteiten [3] de bevoegde autoriteiten | D48: bevoegde autoriteiten | E48: [1] In voorkomend geval kunnen de bevoegde autoriteiten alle relevante technische adviezen en bijstand inwinnen bij de overeenkomstig Richtlijn (EU) 2022/2555 aangewezen of ingestelde bevoegde autoriteiten, en kunnen zij samenwerkingsregelingen treffen voor een effectieve coördinatie van een snelle respons. [2] Zodra de in lid 4 bedoelde jaarlijkse oversightplannen zijn vastgesteld en aan de kritieke derde aanbieder van ICT-diensten zijn meegedeeld, kunnen de bevoegde autoriteiten maatregelen met betrekking tot deze kritieke derde aanbieders van ICT-diensten alleen nemen in overeenstemming met de lead overseer. [3] Indien de op grond van lid 4, punten a) tot en met d) en punt f), genomen handhavingsmaatregelen ondoeltreffend zijn, zorgen de lidstaten ervoor dat hun bevoegde autoriteiten de bevoegdheid hebben om een termijn vast te stellen waarbinnen de essentiële entiteit wordt verzocht de noodzakelijke maatregelen te nemen om de tekortkomingen te verhelpen of aan de eisen van die autoriteiten te voldoen. Indien de gevraagde actie niet binnen de gestelde termijn wordt ondernomen, zorgen de lidstaten ervoor | F48: an actor of class 'authority' (no inventory entry)
A49: 48 | B49: 32024R1689:50:1:4 | C49: de betrokken natuurlijke personen | D49: betrokken natuurlijke personen | E49: Aanbieders zorgen ervoor dat AI-systemen die voor directe interactie met natuurlijke personen zijn bedoeld, zodanig worden ontworpen en ontwikkeld dat de betrokken natuurlijke personen worden geïnformeerd dat zij interageren met een AI-systeem, tenzij dit duidelijk is vanuit het oogpunt van een normaal geïnformeerde en redelijk omzichtige en oplettende natuurlijke persoon, rekening houdend met de omstandigheden en de gebruikscontext. Deze verplichting is niet van toepassing op bij wet toegestane AI-systemen voor het opsporen, voorkomen, onderzoeken of vervolgen van strafbare feiten, met inachtneming van passende waarborgen voor de rechten en vrijheden van derden, tenzij die systemen voor het publiek beschikbaar zijn om een strafbaar feit te melden. | F49: an actor of class 'person' (no inventory entry)
A50: 49 | B50: BWBR0009950:15.7b:1:1 | C50: De ambtenaren, bedoeld in artikel 15.1, eerste lid | D50: ambtenaren.1, eerste lid | E50: De ambtenaren, bedoeld in artikel 15.1, eerste lid, zijn bevoegd om, ter uitvoering van verordening (EU) 2019/1020, onder verstrekking van onjuiste of onvolledige gegevens met betrekking tot hun identiteit en hoedanigheid, uitrusting of radioapparaten te verkrijgen en de hieraan gerelateerde handelingen te verrichten voor zover dat voor de vervulling van hun taak noodzakelijk is. Artikel 5:12, tweede lid, van de Algemene wet bestuursrecht is niet van toepassing. | F50: an actor of class 'office' (no inventory entry)
A51: 50 | B51: 32024R1689:58:1:3 | C51: de uitvoeringshandelingen | D51: uitvoeringshandelingen | E51: Om versnippering in de Unie te voorkomen, stelt de Commissie uitvoeringshandelingen vast waarin de gedetailleerde regelingen worden gespecificeerd voor de instelling, de ontwikkeling, de uitvoering en de werking van AI-testomgevingen voor regelgeving en voor het toezicht erop. De uitvoeringshandelingen bevatten gemeenschappelijke beginselen met betrekking tot de volgende punten: a) toelatings- en selectiecriteria voor deelname aan de AI-testomgeving voor regelgeving; b) procedures voor de toepassing, deelname, monitoring, uittreding uit en beëindiging van de AI-testomgeving voor regelgeving, met inbegrip van het testomgevingsplan en het eindverslag; c) de voor de deelnemers geldende voorwaarden. Die uitvoeringshandelingen worden vastgesteld volgens de in artikel 98, lid 2, bedoelde onderzoeksprocedure. | F51: not an actor (dropped)
A52: 51 | B52: [1] 32024R1689:65:4:7 [2] 32024R1689:74:8:10 [3] 32022L2555:19:4:10 | C52: [1] De lidstaten [2] de lidstaten [3] de lidstaten | D52: lidstaten | E52: [1] De lidstaten zorgen ervoor dat hun vertegenwoordigers in de AI-board: a) in hun lidstaat over de toepasselijke bevoegdheden beschikken om actief bij te dragen tot de vervulling van de in artikel 66 genoemde taken van de AI-board; b) worden aangewezen als één contactpunt voor de AI-board en, in voorkomend geval, rekening houdend met de behoeften van de lidstaten, als één contactpunt voor belanghebbenden; c) bevoegd zijn om de samenhang en coördinatie tussen de nationale bevoegde autoriteiten i [2] Voor AI-systemen met een hoog risico die zijn vermeld in punt 1 van bijlage III, bij deze verordening, voor zover die systemen worden gebruikt voor rechtshandhavingsdoeleinden, grenstoezicht en rechtsbedeling en democratie, en voor AI-systemen met een hoog risico die zijn vermeld in de punten 6, 7 en 8 van bijlage III, bij deze verordening wijzen de lidstaten als markttoezichtautoriteiten voor de toepassing van deze verordening hetzij de bevoegde toezichthoudende autoriteiten voor gegevensbesche [3] Vóór de aanvang van een collegiale toetsing als bedoeld in lid 1, stellen de lidstaten de deelnemende lidstaten in kennis van de reikwijdte ervan, met inbegrip van de krachtens lid 3 voorgelegde specifieke kwesties. | F52: lidstaat [KEY:EU:lidstaat] | G52: Known actor (not defined), class state, valid in eu.
A53: 52 | B53: BWBR0009950:9.4:5:5 | C53: degene die op grond van artikel 9.3, achtste of negende lid, is aangewezen als universeledienstverlener | D53: degene | E53: Indien het bod op de in artikel 9.3, zesde lid, onderdeel b, bedoelde wijze werd uitgebracht verstrekt degene die op grond van artikel 9.3, achtste of negende lid, is aangewezen als universeledienstverlener het aantal daadwerkelijk in het betreffende kalenderjaar gebruikte eenheden binnen vier weken na het eind van het kalenderjaar aan Onze Minister. Bij ministeriële regeling kunnen regels worden gesteld over de wijze waarop de gegevens worden verstrekt. Onze Minister publiceert de vergoeding voor het betreffende kalenderjaar in de Staatscourant. | F53: not an actor (dropped)
A54: 53 | B54: 32016R0679:35:6:9 | C54: de bevoegde toezichthoudende autoriteit | D54: bevoegde toezichthoudende autoriteit | E54: Wanneer de in de leden 4 en 5 bedoelde lijsten betrekking hebben op verwerkingen met betrekking tot het aanbieden van goederen of diensten aan betrokkenen of op het observeren van hun gedrag in verschillende lidstaten, of op verwerkingen die het vrije verkeer van persoonsgegevens in de Unie wezenlijk kunnen beïnvloeden, past de bevoegde toezichthoudende autoriteit voorafgaand aan de vaststelling van die lijsten het in artikel 63 bedoelde coherentiemechanisme toe. | F54: toezichthoudende autoriteit [32016R0679:toezichthoudende_autoriteit] | G54: Defined in 32016R0679 art. 4: een door een lidstaat ingevolge artikel 51 ingestelde onafhankelijke overheidsinstantie
A55: 54 | B55: 32022L2555:27:1:2 | C55: Enisa | D55: Enisa | E55: Enisa creëert en onderhoudt een register van DNS-dienstverleners, registers voor topleveldomeinnamen, entiteiten die domeinnaamregistratiediensten verlenen, aanbieders van cloudcomputingdiensten, aanbieders van datacentra, aanbieders van netwerken voor de levering van inhoud, aanbieders van beheerde diensten, aanbieders van beheerde beveiligingsdiensten, alsmede aanbieders van onlinemarktplaatsen, van onlinezoekmachines en van platforms voor socialenetwerkdiensten, op basis van de informatie die is ontvangen van de centrale contactpunten in overeenstemming met lid 4. Op verzoek geeft Enisa bevoegde autoriteiten toegang tot dat register, waarbij zij er zo nodig voor zorgt dat de vertrouwelijkheid van de informatie wordt beschermd. | F55: not an actor (dropped)
A56: 55 | B56: 32016R0679:36:5:9 | C56: de verwerkingsverantwoordelijken | D56: verwerkingsverantwoordelijken | E56: Niettegenstaande lid 1 kunnen de verwerkingsverantwoordelijken lidstaatrechtelijk ertoe worden verplicht overleg met de toezichthoudende autoriteit te plegen en om haar voorafgaande toestemming te verzoeken wanneer zij met het oog op de vervulling van een taak van algemeen belang verwerken, onder meer wanneer verwerking verband houdt met sociale bescherming en volksgezondheid. | F56: verwerkingsverantwoordelijke [32016R0679:verwerkingsverantwoordelijke] | G56: Defined in 32016R0679 art. 4: een natuurlijke persoon of rechtspersoon, een overheidsinstantie, een dienst of een ander orgaan die/dat, alleen of samen met anderen, het doel van en de middelen voor de verwerking van persoonsgegevens vaststelt; wanneer de doelstellingen van en de middelen voor deze verwerking in het Unierecht of het lidstatelijke recht worden vastgesteld, kan daarin worden bepaald wie de verwerkingsverantwoordelijke is of volgens welke criteria deze wordt aangewezen
A57: 56 | B57: 32022R2554:54:5:7 | C57: de bevoegde autoriteit | D57: bevoegde autoriteit | E57: Indien een bevoegde autoriteit een besluit tot het nemen van een administratieve strafmaatregel bekendmaakt dat vatbaar is voor beroep bij gerechtelijke autoriteiten, maakt de bevoegde autoriteit deze informatie en, in een later stadium, verdere informatie over het resultaat van een eventueel beroep onverwijld bekend op haar officiële website. Rechterlijke beslissingen tot nietigverklaring van een besluit waarbij een administratieve strafmaatregel is genomen, worden eveneens bekendgemaakt. | F57: an actor of class 'authority' (no inventory entry)
A58: 57 | B58: BWBR0040940:7:10:13 | C58: De leden | D58: leden | E58: Er is een Raad van advies die de Autoriteit persoonsgegevens adviseert over algemene aspecten van de bescherming van persoonsgegevens. De leden zijn afkomstig uit de onderscheidene sectoren van de maatschappij en worden benoemd door Onze Minister, op voordracht van de voorzitter van de Autoriteit persoonsgegevens. De leden worden benoemd voor ten hoogste vier jaar. Herbenoeming kan tweemaal en telkens voor ten hoogste vier jaar plaatsvinden. Bij ministeriële regeling wordt de vergoeding van de kosten aan de leden van de Raad van advies vastgesteld. | F58: an actor of class 'office' (no inventory entry)
A59: 58 | B59: BWBR0048156:16:1:1 | C59: Onze Minister, alsmede bestuursorganen en aangewezen organisaties | D59: aangewezen organisaties | E59: Onze Minister, alsmede bestuursorganen en aangewezen organisaties verwerken persoonsgegevens, waaronder het burgerservicenummer, voor zover dit noodzakelijk is voor de goede uitvoering van hun taken en verplichtingen ingevolge deze wet, in het bijzonder het bieden van goede en veilige toegang tot elektronische dienstverlening en het voorkomen van misbruik of oneigenlijk gebruik van de toegang tot elektronische dienstverlening. | F59: aangewezen organisatie [BWBR0048156:aangewezen_organisatie] | G59: Defined in BWBR0048156 art. 1: organisatie als bedoeld in artikel 2, tweede lid
A60: 59 | B60: BWBR0009950:7.3:5:6 | C60: de tool | D60: tool | E60: De vergelijkingstool, bedoeld in het vierde lid, voldoet aan de volgende vereisten: a. de tool is operationeel onafhankelijk van de aanbieders van diensten als bedoeld in het vierde lid en waarborgt dat die aanbieders in de zoekresultaten gelijk worden behandeld; b. de tool vermeldt wie de eigenaar daarvan is en wie de tool beheert; c. de tool vermeldt de duidelijke en objectieve criteria waarop de vergelijking moet worden gebaseerd; d. de tool maakt gebruik van duidelijke en ondubbelzinnige taal; e. de tool geeft nauwkeurige en actuele informatie, met vermelding van het tijdstip van de meest recente actualisering; f. de tool staat open voor iedere aanbieder van internettoegangsdiensten of voor het publiek beschikbare interpersoonlijke communicatiediensten, die de relevante informatie beschikbaar maakt en omvat een breed scala aan aanbiedingen die een significant deel van de markt beslaan en vermeld in voorkomend geval duidelijk dat de gepresenteerde informatie geen volledig overzicht van de markt biedt, voordat de zoekresultaten worden getoond; g. de tool voorziet in een effectieve procedure om onjuiste informatie te melden; h. de tool voorziet in de mogelijkheid tot vergelijking van de prijzen, tarieven en kwaliteit van de dienstverlening van de aanbiedingen waartussen de consument kan kiezen. | F60: not an actor (dropped)
A61: 60 | B61: BWBR0009950:11.5a:6:7 | C61: personen die werkzaam zijn onder het gezag van de aanbieder of de derde, bedoeld in het tweede lid, onder d | D61: personen | E61: De verwerking van de gegevens mag slechts plaatsvinden door personen die werkzaam zijn onder het gezag van de aanbieder of de derde, bedoeld in het tweede lid, onder d, en is beperkt tot die gegevens die noodzakelijk zijn om de dienst met toegevoegde waarde te kunnen aanbieden. | F61: an actor of class 'person' (no inventory entry)
A62: 61 | B62: 32024R1689:66:whole:18 | C62: de AI-board | D62: AI-board | E62: De AI-board adviseert en assisteert de Commissie en de lidstaten teneinde de consistente en doeltreffende toepassing van deze verordening te vergemakkelijken. Daartoe kan de AI-board met name: a) bijdragen aan de coördinatie tussen de nationale bevoegde autoriteiten die verantwoordelijk zijn voor de toepassing van deze verordening en, in samenwerking met en met instemming van de betrokken markttoezichtautoriteiten, de in artikel 74, lid 11, bedoelde gezamenlijke activiteiten van de markttoezichtautoriteiten ondersteunen; b) technische en regelgevingsexpertise en beste praktijken onder de lidstaten verzamelen en delen; c) advies verstrekken over de uitvoering van deze verordening, met name wat betreft de handhaving van de regels inzake AI-modellen voor algemene doeleinden; d) bijdragen tot de harmonisatie van de administratieve praktijken in de lidstaten, onder meer met betrekking tot de in artikel 46 bedoelde afwijking van de conformiteits-beoordelingsprocedures, de werking van AI-testomgevingen voor regelgeving en het testen onder reële omstandigheden als bedoeld in de artikelen 57, 59 en 60; e) op verzoek van de Commissie of op eigen initiatief aanbevelingen en schriftelijke adviezen uitbrengen over alle relevante aangelegenheden in verband met de uitvoering van deze verordening en de consistente en doeltreffende toepassing ervan, waaronder: i) over de ontwikkeling en toepassing van praktijkcodes en praktijkcodes op grond van deze verordening, alsmede van de richtsnoer | F62: AI-board [KEY:32024R1689:aiboard] | G62: Known actor (not defined), class body, valid in 32024R1689. Aliases: Europese raad voor artificiële intelligentie.
A63: 62 | B63: 32022R2554:12:5:20 | C63: De secundaire verwerkingslocatie | D63: secundaire verwerkingslocatie | E63: Centrale effectenbewaarinstellingen handhaven ten minste één secundaire verwerkingslocatie, met adequate middelen, capaciteiten, functies en personeelsvoorziening om te voorzien in de zakelijke behoeften. De secundaire verwerkingslocatie is: a) fysiek gevestigd op een bepaalde afstand van de primaire verwerkingslocatie om te verzekeren dat de locatie een ander risicoprofiel heeft en om te voorkomen dat deze wordt getroffen door de gebeurtenis die de primaire locatie heeft getroffen; b) in staat de continuïteit van kritieke of belangrijke functies op dezelfde manier te waarborgen als de primaire locatie of het niveau van diensten te leveren dat noodzakelijk is om ervoor te zorgen dat de financiële entiteit haar kritieke activiteiten verricht binnen het kader van de hersteldoelstellingen; c) onmiddellijk toegankelijk voor het personeel van de financiële entiteit om de continuïteit van kritieke of belangrijke functies te waarborgen ingeval de primaire verwerkingslocatie niet langer beschikbaar is. | F63: not an actor (dropped)
A64: 63 | B64: BWBR0052872:15:4:2 | C64: De bevoegde autoriteit voor een entiteit in de sector onderzoek, genoemd in bijlage 2 van deze wet | D64: bevoegde autoriteit voor een entiteit in de sector onderzoek | E64: De bevoegde autoriteit voor een entiteit in de sector onderzoek, genoemd in bijlage 2 van deze wet, is Onze Minister die is aangewezen als bevoegde autoriteit voor de entiteiten in de sector of subsector waarin de betrokken entiteit haar onderzoeksactiviteiten verricht. De bevoegde autoriteit voor een entiteit in de sector onderzoek, genoemd in bijlage 2 van deze wet, die niet valt in een sector of subsector waarvoor reeds een bevoegde autoriteit is aangewezen, is Onze Minister die het aangaat. | F64: bevoegde autoriteit [BWBR0052872:bevoegde_autoriteit] | G64: Defined in BWBR0052872 art. 1: de bevoegde autoriteit, bedoeld in artikel 8, eerste lid, van de NIS2-richtlijn en bedoeld in artikel 15
A65: 64 | B65: [1] 32022R2554:38:1:1 [2] 32022R2554:39:3:7 [3] 32022R2554:35:6:19 | C65: [1] de lead overseer [2] De lead overseer [3] de lead overseer | D65: lead overseer | E65: [1] Voor de uitvoering van zijn taken uit hoofde van deze verordening kan de lead overseer, ondersteund door het in artikel 40, lid 1, bedoelde gezamenlijke onderzoeksteam, zo nodig, bij kritieke derde aanbieders van ICT-diensten onderzoeken verrichten. [2] De lead overseer stelt de bevoegde autoriteiten van de financiële entiteit die gebruikmaakt van de derde aanbieder van ICT-diensten, geruime tijd vóór de start ervan in kennis van de inspectie. [3] In geval van gehele of gedeeltelijke niet-naleving van de krachtens de uitoefening van de bevoegdheden uit hoofde van lid 1, punten a), b) en c), te nemen maatregelen, en na het verstrijken van een termijn van ten minste 30 kalenderdagen vanaf de datum waarop de kritieke derde aanbieder van ICT-diensten een kennisgeving van de respectieve maatregelen heeft ontvangen, neemt de lead overseer een besluit aan waarmee een dwangsom wordt opgelegd om de kritieke derde aanbieder van ICT-diensten tot nak | F65: not an actor (dropped)
A66: 65 | B66: BWBR0048156:15:2:1 | C66: bestuursorganen en aangewezen organisaties | D66: aangewezen organisaties | E66: Onverminderd het bepaalde in artikel 7, accepteren bestuursorganen en aangewezen organisaties bij de toegang tot hun elektronische dienstverlening alle en uitsluitend erkende bedrijfs- en organisatiemiddelen en door erkende machtigingsdiensten afgegeven elektronische verklaringen waaruit blijkt dat een natuurlijke persoon, onderneming of rechtspersoon gemachtigd is namens de onderneming of rechtspersoon op te treden bij de toegang tot elektronische dienstverlening aan die onderneming of rechtspersoon. Bestuursorganen en aangewezen organisaties accepteren in elk geval een van de op grond van artikel 11, derde lid, erkende ontsluitende diensten. | F66: aangewezen organisatie [BWBR0048156:aangewezen_organisatie] | G66: Defined in BWBR0048156 art. 1: organisatie als bedoeld in artikel 2, tweede lid
A67: 66 | B67: 32022L2555:11:3:24 | C67: Een dergelijk scannen | D67: scannen | E67: De CSIRT’s hebben de volgende taken: a) het monitoren en analyseren van cyberdreigingen, kwetsbaarheden en incidenten op nationaal niveau, en, op verzoek, het verlenen van bijstand aan betrokken essentiële en belangrijke entiteiten met betrekking tot het realtime of bijna-realtime monitoren van hun netwerk en informatiesystemen; b) het verstrekken van vroegtijdige waarschuwingen, meldingen en aankondigingen en het verspreiden van informatie onder betrokken essentiële en belangrijke entiteiten en aan de bevoegde autoriteiten en andere relevante belanghebbenden over cyberdreigingen, kwetsbaarheden en incidenten, in bijna-realtime indien mogelijk; c) het reageren op incidenten en verlenen van bijstand aan de betrokken essentiële en belangrijke entiteiten, indien van toepassing; d) het verzamelen en analyseren van forensische gegevens en het zorgen voor dynamische risico- en incidentenanalyse en situationeel bewustzijn met betrekking tot cyberbeveiliging; e) op verzoek van een essentiële of belangrijke entiteit: het proactief scannen van de netwerk- en informatiesystemen van de betrokken entiteit om kwetsbaarheden met mogelijk significante gevolgen op te sporen; f) het deelnemen aan het CSIRT-netwerk en, in overeenstemming met hun capaciteiten en bevoegdheden, het verlenen van wederzijdse bijstand aan andere leden van het netwerk op hun verzoek; g) indien van toepassing, het optreden als coördinator ten behoeve van het in artikel 12, lid 1 bedoelde proces van gecoördineerd | F67: not an actor (dropped)
A68: 67 | B68: BWBR0052872:29:2:3 | C68: de essentiële entiteit of belangrijke entiteit | D68: belangrijke entiteit | E68: Indien het incident nog voortduurt op het moment dat het eindverslag had moeten worden ingediend, dient de essentiële entiteit of belangrijke entiteit op dat moment in plaats van een eindverslag een voortgangsverslag in waarin wordt ingegaan op de aspecten, genoemd in het eerste lid. Zij dient een eindverslag in binnen één maand nadat het incident is afgehandeld. | F68: belangrijke entiteit [BWBR0052872:belangrijke_entiteit] | G68: Defined in BWBR0052872 art. 1: een entiteit als bedoeld in artikel 12 of 13
A69: 68 | B69: BWBR0052872:59:whole:1 | C69: De bevoegde autoriteiten, Onze Minister van Economische Zaken uit hoofde van de Verordening (EU) 910/2014, de bevoegde autoriteiten, bedoeld in de Verordening (EU) 2022/2554, en Onze Minister van Economische Zaken uit hoofde van de Richtlijn (EU) 2018/1972 | D69: Onze Minister van Economische Zaken | E69: De bevoegde autoriteiten, Onze Minister van Economische Zaken uit hoofde van de Verordening (EU) 910/2014, de bevoegde autoriteiten, bedoeld in de Verordening (EU) 2022/2554, en Onze Minister van Economische Zaken uit hoofde van de Richtlijn (EU) 2018/1972 wisselen informatie uit over relevante incidenten en cyberdreigingen. | F69: Onze Minister [BWBR0052872:onze_minister] | G69: Defined in BWBR0052872 art. 1: Onze Minister van Justitie en Veiligheid
A70: 69 | B70: 32024R1689:26:10:22 | C70: het gebruik van het systeem voor biometrische identificatie op afstand achteraf dat verband houdt met de verzochte toestemming | D70: gebruik van het systeem voor biometrische identificatie op afstand achteraf | E70: Onverminderd Richtlijn (EU) 2016/680 verzoekt de gebruiksverantwoordelijke van een AI-systeem met een hoog risico voor biometrische identificatie op afstand achteraf in het kader van een onderzoek waarbij gericht wordt gezocht naar een persoon die wordt verdacht van of veroordeeld is voor het plegen van een strafbaar feit, vooraf of zonder onnodige vertraging en uiterlijk 48 uur na het feit, om toestemming van een gerechtelijke instantie of administratieve instantie, van wie de beslissing bindend is en onderworpen is aan rechterlijke toetsing, voor het gebruik van dat systeem, behalve wanneer het wordt gebruikt voor de initiële identificatie van een potentiële verdachte op basis van objectieve en verifieerbare feiten die rechtstreeks verband houden met het strafbare feit. Elk gebruik wordt beperkt tot hetgeen strikt noodzakelijk is voor het onderzoek naar een specifiek strafbaar feit. Indien de op grond van de eerste alinea verzochte toestemming wordt geweigerd, wordt het gebruik van het systeem voor biometrische identificatie op afstand achteraf dat verband houdt met de verzochte toestemming met onmiddellijke ingang stopgezet en worden de persoonsgegevens die verband houden met het gebruik van het AI-systeem met een hoog risico waarvoor de toestemming is gevraagd, gewist. Een dergelijk AI-systeem met een hoog risico voor biometrische identificatie op afstand achteraf mag in geen geval op niet-gerichte wijze worden gebruikt voor rechtshandhavingsdoeleinden, zonder enig verb | F70: not an actor (dropped)
A71: 70 | B71: 32024R1689:58:2:14 | C71: de procedures, processen en administratieve eisen voor de aanvraag, de selectie, de deelname en het vertrek uit de AI-testomgeving voor regelgeving | D71: vertrek uit de AI-testomgeving voor regelgeving | E71: De in lid 1 bedoelde uitvoeringshandelingen waarborgen dat: a) AI-testomgevingen voor regelgeving open staan voor elke aanbieder of potentiële aanbieder van een AI-systeem die voldoet aan de toelatings- en selectiecriteria, die transparant en eerlijk moeten zijn, en dat de nationale bevoegde autoriteiten aanvragers binnen drie maanden na de aanvraag in kennis stellen van hun besluit; b) AI-testomgevingen voor regelgeving brede en gelijke toegang bieden en de vraag om toestemming voor deelname aankunnen; aanbieders en potentiële aanbieders ook aanvragen kunnen indienen in samenwerking met gebruiksverantwoordelijken en andere relevante derden; c) de gedetailleerde regelingen en voorwaarden voor AI-testomgevingen voor regelgeving zo veel mogelijk flexibiliteit bieden voor nationale bevoegde autoriteiten om hun AI-testomgevingen voor regelgeving op te richten en te exploiteren; d) de toegang tot de AI-testomgevingen voor regelgeving voor kmo’s, waaronder start-ups, kosteloos is, onverminderd uitzonderlijke kosten die de nationale bevoegde autoriteiten op billijke en evenredige wijze mogen verhalen; e) zij het voor aanbieders en potentiële aanbieders, door middel van de leerresultaten van de AI-testomgevingen voor regelgeving, vergemakkelijken om de conformiteitsbeoordelingsverplichtingen uit hoofde van deze verordening na te komen en de in artikel 95 bedoelde gedragscodes vrijwillig toe te passen; f) AI-testomgevingen voor regelgeving de betrokkenheid vergemakkelijken van a | F71: not an actor (dropped)
A72: 71 | B72: 32024R1689:80:4:7 | C72: de aanbieder van een betrokken AI-systeem | D72: aanbieder van een betrokken AI-systeem | E72: De aanbieder zorgt ervoor dat alle nodige maatregelen worden genomen om het AI-systeem in overeenstemming te brengen met de vereisten en verplichtingen van deze verordening. Indien de aanbieder van een betrokken AI-systeem dat AI-systeem niet binnen de in lid 2 van dit artikel bedoelde termijn in overeenstemming brengt met die vereisten en verplichtingen, worden aan de aanbieder overeenkomstig artikel 99 geldboeten opgelegd. | F72: aanbieder [32024R1689:aanbieder] | G72: Defined in 32024R1689 art. 3: een natuurlijke of rechtspersoon, overheidsinstantie, agentschap of ander orgaan die/dat een AI-systeem of een AI-model voor algemene doeleinden ontwikkelt of laat ontwikkelen en dat systeem of model in de handel brengt of het AI-systeem in gebruik stelt onder de eigen naam of merk, al dan niet tegen betaling
A73: 72 | B73: 32016R0679:74:1:4 | C73: De voorzitter | D73: voorzitter | E73: De voorzitter heeft de volgende taken: a) bijeenroepen van de bijeenkomsten van het Comité en het opstellen van zijn agenda; b) ter kennis brengen van de door het Comité overeenkomstig artikel 65 vastgestelde besluiten aan de leidende toezichthoudende autoriteit en de betrokken toezichthoudende autoriteiten; c) ervoor zorgen dat de taken van het Comité tijdig worden uitgevoerd, met name wat het in artikel 63 bedoelde coherentiemechanisme betreft. | F73: voorzitter [KEY:32016R0679:voorzitter] | G73: Known actor (not defined), class office, valid in 32016R0679. Aliases: voorzitter van het Comité. Part of KEY:32016R0679:comite.
A74: 73 | B74: BWBR0009950:11.7:3:3 | C74: een rechtspersoon of een natuurlijke persoon die handelt in de uitoefening van zijn beroep of bedrijf | D74: rechtspersoon | E74: In afwijking van het eerste en tweede lid, is geen voorafgaande toestemming vereist voor het overbrengen van ongevraagde communicatie voor commerciële, ideële of charitatieve doeleinden aan een rechtspersoon of een natuurlijke persoon die handelt in de uitoefening van zijn beroep of bedrijf, indien: a. de verzender gebruik maakt van elektronische contactgegevens die door de desbetreffende eindgebruiker voor het ontvangen van ongevraagde communicatie voor commerciële, ideële of charitatieve doeleinden zijn bestemd en bekendgemaakt en deze worden gebruikt in overeenstemming met de door de eindgebruiker aan de contactgegevens verbonden doeleinden, of b. de desbetreffende eindgebruiker is gevestigd buiten de Europese Economische Ruimte en voldaan wordt aan de in het desbetreffende land geldende voorschriften met betrekking tot het overbrengen van ongevraagde communicatie voor commerciële, ideële of charitatieve doeleinden. | F74: an actor of class 'party' (no inventory entry)
A75: 74 | B75: BWBR0052872:49:5:6 | C75: De registers voor topleveldomeinnamen en de entiteiten die domeinnaamregistratiediensten verlenen | D75: registers voor topleveldomeinnamen en de entiteiten | E75: De registers voor topleveldomeinnamen en de entiteiten die domeinnaamregistratiediensten verlenen werken samen om te voorkomen dat domeinnaamregistratiegegevens tweemaal worden verzameld. | F75: not an actor (dropped)
A76: 75 | B76: 32016R0679:40:3:6 | C76: Die verwerkingsverantwoordelijken of verwerkers | D76: verwerkers | E76: Behalve door verwerkingsverantwoordelijken of verwerkers die onder deze verordening vallen, kan bij overeenkomstig lid 5 van dit artikel goedgekeurde gedragscodes die overeenkomstig lid 9 van dit artikel algemeen geldig zijn verklaard, eveneens worden aangesloten door verwerkingsverantwoordelijken of verwerkers die overeenkomstig artikel 3 niet onder deze verordening vallen, om te voorzien in passende waarborgen voor doorgifte van persoonsgegevens naar derde landen of internationale organisaties onder de voorwaarden als bedoeld in artikel 46, lid 2, punt e). Die verwerkingsverantwoordelijken of verwerkers doen, via contractuele of andere juridisch bindende instrumenten, bindende en afdwingbare toezeggingen om die passende waarborgen toe te passen, ook wat betreft de rechten van de betrokkenen. | F76: verwerker [32016R0679:verwerker] | G76: Defined in 32016R0679 art. 4: een natuurlijke persoon of rechtspersoon, een overheidsinstantie, een dienst of een ander orgaan die/dat ten behoeve van de verwerkingsverantwoordelijke persoonsgegevens verwerkt
A77: 76 | B77: 32024R1689:40:3:7 | C77: De deelnemers aan het normalisatieproces | D77: deelnemers aan het normalisatieproces | E77: De deelnemers aan het normalisatieproces streven naar het bevorderen van investeringen en innovatie in AI, onder andere door voor meer rechtszekerheid te zorgen, en het concurrentievermogen en de groei van de markt van de Unie, naar het bijdragen aan de versterking van de wereldwijde samenwerking op het gebied van normalisatie, rekening houdend met bestaande internationale normen op het gebied van AI die in overeenstemming zijn met de waarden, grondrechten en belangen van de Unie, en naar het verbeteren van de multistakeholdergovernance door te zorgen voor een evenwichtige vertegenwoordiging van de belangen en de effectieve deelname van alle relevante belanghebbenden overeenkomstig de artikelen 5, 6 en 7 van Verordening (EU) nr. 1025/2012. | F77: an actor of class 'party' (no inventory entry)
A78: 77 | B78: BWBR0009950:11.6:4:9 | C78: De abonnee | D78: abonnee | E78: De abonnee heeft het recht om kosteloos hem betreffende persoonsgegevens in een algemeen beschikbare abonneelijst of in het voor een abonnee-informatiedienst gebruikte abonneebestand te verifiëren, te laten verbeteren of te laten verwijderen. | F78: abonnee [BWBR0009950:abonnee] | G78: Defined in BWBR0009950 art. 1.1: natuurlijke persoon of rechtspersoon die partij is bij een overeenkomst met een aanbieder van openbare elektronische communicatiediensten voor de levering van dergelijke diensten
A79: 78 | B79: 32022R2554:33:1:1 | C79: De overeenkomstig artikel 31, lid 1, punt b), aangestelde lead overseer | D79: aangestelde lead overseer | E79: De overeenkomstig artikel 31, lid 1, punt b), aangestelde lead overseer oefent het oversight uit over de aangewezen kritieke derde aanbieders van ICT-diensten en is voor alle aan het oversight gerelateerde aangelegenheden het eerste contactpunt voor die kritieke derde aanbieders van ICT-diensten. | F79: not an actor (dropped)
A80: 79 | B80: [1] 32022L2555:11:3:28 [2] 32022L2555:11:1:6 [3] 32022L2555:11:3:22 | C80: [1] De CSIRT’s [2] de CSIRT’s [3] De CSIRT’s | D80: CSIRT’s | E80: [1] De CSIRT’s hebben de volgende taken: a) het monitoren en analyseren van cyberdreigingen, kwetsbaarheden en incidenten op nationaal niveau, en, op verzoek, het verlenen van bijstand aan betrokken essentiële en belangrijke entiteiten met betrekking tot het realtime of bijna-realtime monitoren van hun netwerk en informatiesystemen; b) het verstrekken van vroegtijdige waarschuwingen, meldingen en aankondigingen en het verspreiden van informatie onder betrokken essentiële en belangrijke entiteiten [2] De CSIRT’s voldoen aan de volgende eisen: a) de CSIRT’s garanderen een hoge mate van beschikbaarheid van hun communicatiekanalen door zwakke punten (single points of failure) te voorkomen, en beschikken over diverse middelen waarlangs te allen tijde contact met hen kan worden opgenomen en contact met anderen kan worden opgenomen; ze specificeren communicatiekanalen duidelijk en delen ze mee aan de gebruikersgroep en de samenwerkingspartners; b) de lokalen en werkruimten van de CSIRT’s en de on [3] De CSIRT’s hebben de volgende taken: a) het monitoren en analyseren van cyberdreigingen, kwetsbaarheden en incidenten op nationaal niveau, en, op verzoek, het verlenen van bijstand aan betrokken essentiële en belangrijke entiteiten met betrekking tot het realtime of bijna-realtime monitoren van hun netwerk en informatiesystemen; b) het verstrekken van vroegtijdige waarschuwingen, meldingen en aankondigingen en het verspreiden van informatie onder betrokken essentiële en belangrijke entiteiten | F80: an actor of class 'authority' (no inventory entry)
A81: 80 | B81: BWBR0009950:5.14:3:6 | C81: burgemeester en wethouders | D81: burgemeester | E81: Bij de toepassing van artikel 5.4, tweede lid, bevoordelen burgemeester en wethouders geen ondernemingen die openbare elektronische communicatienetwerken aanbieden waarin de gemeente direct of indirect bij betrokken is. | F81: an actor of class 'state' (no inventory entry)
A82: 81 | B82: 32024R1689:33:3:4 | C82: een onderaannemer of dochteronderneming | D82: onderaannemer | E82: Activiteiten mogen uitsluitend met instemming van de aanbieder door een onderaannemer of dochteronderneming worden uitgevoerd. Aangemelde instanties maken een lijst van hun dochterondernemingen openbaar. | F82: an actor of class 'party' (no inventory entry)
A83: 82 | B83: 32024R1689:66:whole:7 | C83: de AI-board | D83: AI-board | E83: De AI-board adviseert en assisteert de Commissie en de lidstaten teneinde de consistente en doeltreffende toepassing van deze verordening te vergemakkelijken. Daartoe kan de AI-board met name: a) bijdragen aan de coördinatie tussen de nationale bevoegde autoriteiten die verantwoordelijk zijn voor de toepassing van deze verordening en, in samenwerking met en met instemming van de betrokken markttoezichtautoriteiten, de in artikel 74, lid 11, bedoelde gezamenlijke activiteiten van de markttoezichtautoriteiten ondersteunen; b) technische en regelgevingsexpertise en beste praktijken onder de lidstaten verzamelen en delen; c) advies verstrekken over de uitvoering van deze verordening, met name wat betreft de handhaving van de regels inzake AI-modellen voor algemene doeleinden; d) bijdragen tot de harmonisatie van de administratieve praktijken in de lidstaten, onder meer met betrekking tot de in artikel 46 bedoelde afwijking van de conformiteits-beoordelingsprocedures, de werking van AI-testomgevingen voor regelgeving en het testen onder reële omstandigheden als bedoeld in de artikelen 57, 59 en 60; e) op verzoek van de Commissie of op eigen initiatief aanbevelingen en schriftelijke adviezen uitbrengen over alle relevante aangelegenheden in verband met de uitvoering van deze verordening en de consistente en doeltreffende toepassing ervan, waaronder: i) over de ontwikkeling en toepassing van praktijkcodes en praktijkcodes op grond van deze verordening, alsmede van de richtsnoer | F83: AI-board [KEY:32024R1689:aiboard] | G83: Known actor (not defined), class body, valid in 32024R1689. Aliases: Europese raad voor artificiële intelligentie.
A84: 83 | B84: BWBR0009950:11.5:2:4 | C84: De verkeersgegevens | D84: verkeersgegevens | E84: De aanbieder mag verkeersgegevens verwerken die noodzakelijk zijn voor facturering, waaronder het opstellen van een factuur voor een abonnee of voor degene die zich tegenover de aanbieder rechtens verbonden heeft die factuur te voldoen, dan wel ten behoeve van een betaling van verleende toegang. De verkeersgegevens mogen worden verwerkt tot het einde van de wettelijke termijn waarbinnen de factuur in rechte kan worden betwist of de betaling in rechte kan worden afgedwongen. | F84: not an actor (dropped)
A85: 84 | B85: BWBR0009950:20.16a:2:1 | C85: Nummerhouders | D85: Nummerhouders | E85: Nummerhouders registreren binnen zes maanden na de inwerkingtreding van artikel 4.9, derde lid, onderdeel b, de nummergebruikers. De nummergebruiker krijgt het nummer op de dag van registratie door de nummerhouder van rechtswege in gebruik door de nummerhouder. | F85: nummerhouder [BWBR0009950:nummerhouder] | G85: Defined in BWBR0009950 art. 1.1: degene aan wie de Autoriteit Consument en Markt op aanvraag een nummer heeft toegekend
A86: 85 | B86: BWBR0040940:35:6:10 | C86: De rechtbank | D86: rechtbank | E86: De rechtbank kan partijen en anderen verzoeken binnen een door haar te bepalen termijn schriftelijke inlichtingen te geven en onder hen berustende stukken in te zenden. De verwerkingsverantwoordelijke en belanghebbende zijn verplicht aan dit verzoek te voldoen. De artikelen 8:45, tweede en derde lid, en 8:29 van de Algemene wet bestuursrecht zijn van overeenkomstige toepassing. | F86: an actor of class 'institution' (no inventory entry)
A87: 86 | B87: 32024R1689:82:2:2 | C87: De aanbieder of andere relevante operator | D87: relevante operator | E87: De aanbieder of andere relevante operator zorgt ervoor dat er binnen de in lid 1 bedoelde door de markttoezichtautoriteit van de lidstaat vastgestelde termijn corrigerende maatregelen worden genomen ten aanzien van alle betrokken AI-systemen die deze op de Uniemarkt heeft aangeboden. | F87: operator [32024R1689:operator] | G87: Defined in 32024R1689 art. 3: een aanbieder, productfabrikant, gebruiksverantwoordelijke, gemachtigde, importeur of distributeur
A88: 87 | B88: 32024R1689:60:4:15 | C88: proefpersonen die onder reële omstandigheden worden getest en die tot kwetsbare groepen behoren vanwege hun leeftijd of handicap | D88: proefpersonen | E88: Aanbieders of potentiële aanbieders mogen alleen testen onder reële omstandigheden als is voldaan aan alle volgende voorwaarden: a) de aanbieder of potentiële aanbieder heeft een plan voor tests onder reële omstandigheden opgesteld en ingediend bij de markttoezichtautoriteit in de lidstaat waar onder reële omstandigheden moet worden getest; b) de markttoezichtautoriteit in de lidstaat waar onder reële omstandigheden moet worden getest, heeft het testen onder reële omstandigheden en het plan voor tests onder reële omstandigheden goedgekeurd; indien de markttoezichtautoriteit binnen dertig dagen geen antwoord heeft gegeven, worden het testen onder reële omstandigheden en het plan voor tests onder reële omstandigheden geacht te zijn goedgekeurd; indien het nationale recht niet voorziet in een stilzwijgende goedkeuring, blijft het testen onder reële omstandigheden onderworpen aan een toestemming; c) de aanbieder of potentiële aanbieder, met uitzondering van aanbieders of potentiële aanbieders van in de punten 1, 6 en 7 van bijlage III bedoelde AI-systemen met een hoog risico op de gebieden rechtshandhaving, migratie, asiel en grenstoezichtsbeheer en AI-systemen met een hoog risico als bedoeld in punt 2 van bijlage III, heeft het testen onder reële omstandigheden geregistreerd overeenkomstig artikel 71, lid 4, met een Uniebreed uniek identificatienummer en de in bijlage IX gespecificeerde informatie; de aanbieder of potentiële aanbieder van in de punten 1, 6 en 7 van bijlage II | F88: an actor of class 'person' (no inventory entry)
A89: 88 | B89: [1] 32016R0679:60:7:15 [2] 32016R0679:58:1:4 [3] 32016R0679:58:2:14 | C89: [1] De toezichthoudende autoriteit waarbij de klacht is ingediend [2] Elk toezichthoudende autoriteit [3] Elk toezichthoudende autoriteit | D89: toezichthoudende autoriteit | E89: [1] De leidende toezichthoudende autoriteit stelt het besluit vast en deelt het mee aan de hoofdvestiging of de enige vestiging van de verwerkingsverantwoordelijke of de verwerker, naargelang het geval, en stelt de andere betrokken toezichthoudende autoriteiten, alsmede het Comité in kennis van het besluit in kwestie, voorzien van een samenvatting van de relevante feiten en gronden. De toezichthoudende autoriteit waarbij de klacht is ingediend, stelt de klager in kennis van het besluit. [2] Elk toezichthoudende autoriteit heeft alle volgende onderzoeksbevoegdheden om: a) de verwerkingsverantwoordelijke, de verwerker en, in voorkomend geval, de vertegenwoordiger van de verwerkingsverantwoordelijke of van verwerker te gelasten alle voor de uitvoering van haar taken vereiste informatie te verstrekken; b) onderzoeken te verrichten in de vorm van gegevensbeschermingscontroles; c) een toetsing te verrichten van de overeenkomstig artikel 42, lid 7, afgegeven certificeringen; d) de ver [3] Elk toezichthoudende autoriteit heeft alle volgende bevoegdheden tot het nemen van corrigerende maatregelen: a) de verwerkingsverantwoordelijke of de verwerker waarschuwen dat met de voorgenomen verwerkingen waarschijnlijk inbreuk op bepalingen van deze verordening wordt gemaakt; b) de verwerkingsverantwoordelijke of de verwerker berispen wanneer met verwerkingen inbreuk op bepalingen van deze verordening is gemaakt; c) de verwerkingsverantwoordelijke of de verwerker gelasten de verzoeken van | F89: toezichthoudende autoriteit [32016R0679:toezichthoudende_autoriteit] | G89: Defined in 32016R0679 art. 4: een door een lidstaat ingevolge artikel 51 ingestelde onafhankelijke overheidsinstantie
A90: 89 | B90: [1] 32022R2554:10:1:4 [2] 32022R2554:17:1:2 [3] 32022R2554:28:1:1 | C90: [1] Financiële entiteiten [2] Financiële entiteiten [3] Financiële entiteiten | D90: Financiële entiteiten | E90: [1] Financiële entiteiten beschikken over mechanismen om overeenkomstig artikel 17 afwijkende activiteiten zo spoedig mogelijk te detecteren, met inbegrip van kwesties op het gebied van ICT-netwerkprestaties en ICT-gerelateerde incidenten, en om potentiële zwakke fysieke punten (“single points of failure”) te identificeren. Alle in de eerste alinea bedoelde detectiemechanismen worden regelmatig getest overeenkomstig artikel 25. [2] Financiële entiteiten omschrijven een beheerproces voor ICT-gerelateerde incidenten, stellen dit vast en leggen dit ten uitvoer, om ICT-gerelateerde incidenten te detecteren, te beheren en te melden. [3] Financiële entiteiten beheren het ICT-risico van derde aanbieders als integrerend onderdeel van het ICT-risico binnen hun kader voor ICT-risicobeheer als bedoeld in artikel 6, lid 1, en in overeenstemming met de volgende beginselen: a) financiële entiteiten die contractuele overeenkomsten voor het gebruik van ICT-diensten voor hun bedrijfsactiviteiten hebben getroffen, blijven te allen tijde volledig verantwoordelijk voor de naleving en de verantwoording van alle verplichtingen uit hoofde van d | F90: an actor of class 'party' (no inventory entry)
A91: 90 | B91: BWBR0009950:11.7a:1:3 | C91: de betrokken gebruiker | D91: betrokken gebruiker | E91: Onverminderd de Algemene verordening gegevensbescherming is het via een elektronisch communicatienetwerk opslaan van of toegang verkrijgen tot informatie in de randapparatuur van een gebruiker, alleen toegestaan op voorwaarde dat de betrokken gebruiker: a. is voorzien van duidelijke en volledige informatie overeenkomstig de Algemene verordening gegevensbescherming, in ieder geval over de doeleinden waarvoor deze informatie wordt gebruikt, en b. daarvoor toestemming heeft verleend. | F91: gebruiker [BWBR0009950:gebruiker] | G91: Defined in BWBR0009950 art. 1.1: natuurlijk persoon of rechtspersoon die gebruik maakt van of verzoekt om een openbare elektronische communicatiedienst
A92: 91 | B92: 32024R1689:36:8:28 | C92: de aanmeldende autoriteit | D92: aanmeldende autoriteit | E92: Met uitzondering van onterecht afgegeven certificaten en indien een aanwijzing is geschorst of beperkt, blijven de certificaten geldig in een van de volgende omstandigheden: a) de aanmeldende autoriteit heeft binnen één maand na de schorsing of beperking bevestigd dat er met betrekking tot de certificaten waarop de schorsing of beperking van toepassing is, geen risico’s voor de gezondheid, veiligheid of grondrechten bestaan, en de aanmeldende autoriteit heeft voorzien in een termijn voor maatregelen om de schorsing of beperking te ondervangen, of b) de aanmeldende autoriteit heeft bevestigd dat er geen certificaten in verband met de schorsing zullen worden afgegeven, gewijzigd, of opnieuw afgegeven gedurende de schorsing of beperking en geeft aan of de aangemelde instantie het vermogen heeft om de bestaande, voor de periode van schorsing of beperking afgegeven certificaten te blijven monitoren en daarvoor verantwoordelijk te blijven; indien de aanmeldende autoriteit vaststelt dat de aangemelde instantie niet in staat is bestaande afgegeven certificaten te ondersteunen, bevestigt de aanbieder van het systeem waarop het certificaat betrekking heeft binnen drie maanden na de schorsing of beperking aan de nationale bevoegde autoriteiten van de lidstaat waar hij zijn geregistreerde vestigingsplaats heeft via schriftelijke weg dat in plaats van de aangemelde instantie een andere gekwalificeerde aangemelde instantie tijdelijk de certificaten tijdens de periode van schorsing of bep | F92: aanmeldende autoriteit [32024R1689:aanmeldende_autoriteit] | G92: Defined in 32024R1689 art. 3: de nationale autoriteit die verantwoordelijk is voor het opzetten en uitvoeren van de noodzakelijke procedures voor de beoordeling, aanwijzing en kennisgeving van de conformiteitsbeoordelingsinstanties en de monitoring hiervan
A93: 92 | B93: BWBR0052872:33:1:1 | C93: een essentiële entiteit of belangrijke entiteit | D93: belangrijke entiteit | E93: Onverminderd artikel 25 kan op vrijwillige basis een melding worden ingediend door: a. een essentiële entiteit of belangrijke entiteit bij haar CSIRT, over incidenten, bijna-incidenten en cyberdreigingen; b. eenieder bij een CSIRT, over significante incidenten als bedoeld in artikel 25, tweede lid, incidenten, bijna-incidenten en cyberdreigingen. | F93: belangrijke entiteit [BWBR0052872:belangrijke_entiteit] | G93: Defined in BWBR0052872 art. 1: een entiteit als bedoeld in artikel 12 of 13
A94: 93 | B94: BWBR0009950:12.9:3:3 | C94: Een bij een geschil betrokken aanbieder of onderneming | D94: onderneming | E94: Een bij een geschil betrokken aanbieder of onderneming volgt de door de Autoriteit Consument en Markt op grond van het eerste lid gegeven voorschriften op. De Autoriteit Consument en Markt kan daarbij termijnen stellen. | F94: onderneming [BWBR0009950:onderneming] | G94: Defined in BWBR0009950 art. 1.1: onderneming in de zin van artikel 101, eerste lid, van het Verdrag betreffende de werking van de Europese Unie
A95: 94 | B95: 32024R1689:49:3:3 | C95: gebruiksverantwoordelijken die overheidsinstanties, instellingen, organen of instanties van de Unie, of personen die namens hen optreden | D95: gebruiksverantwoordelijken | E95: Alvorens een in bijlage III vermeld AI-systeem met een hoog risico in gebruik te stellen of te gebruiken, met uitzondering van de in punt 2 van bijlage III vermelde AI-systemen met een hoog risico, registreren gebruiksverantwoordelijken die overheidsinstanties, instellingen, organen of instanties van de Unie, of personen die namens hen optreden, zichzelf en selecteren zij het systeem en registreren zij het gebruik ervan in de in artikel 71 bedoelde EU-databank. | F95: gebruiksverantwoordelijke [32024R1689:gebruiksverantwoordelijke] | G95: Defined in 32024R1689 art. 3: een natuurlijke of rechtspersoon, overheidsinstantie, agentschap of ander orgaan die/dat een AI-systeem onder eigen verantwoordelijkheid gebruikt, tenzij het AI-systeem wordt gebruikt in het kader van een persoonlijke niet-beroepsactiviteit
A96: 95 | B96: [1] BWBR0052872:71:1:1 [2] BWBR0052872:76:2:2 [3] BWBR0052872:71:2:3 | C96: [1] De bevoegde autoriteit [2] De bevoegde autoriteit [3] De bevoegde autoriteit | D96: bevoegde autoriteit | E96: [1] De bevoegde autoriteit kan een beveiligingsscan op basis van objectieve, niet-discriminerende, eerlijke en transparante risicobeoordelingscriteria uitvoeren of door een onafhankelijke en gekwalificeerde deskundige laten uitvoeren bij een essentiële entiteit. [2] De bevoegde autoriteit kan het besluit, bedoeld in het eerste lid, alleen nemen: a. nadat zij alle in het derde lid genoemde maatregelen heeft opgelegd aan de betrokken entiteit en deze maatregelen niet ertoe hebben geleid dat de overtreding is beëindigd; of b. nadat zij één of meer van de in het derde lid genoemde maatregelen heeft opgelegd aan de betrokken entiteit, de opgelegde maatregel of maatregelen niet ertoe hebben geleid dat de overtreding is beëindigd en het opleggen van de andere in [3] De bevoegde autoriteit draagt de kosten van de beveiligingsscan. | F96: bevoegde autoriteit [BWBR0052872:bevoegde_autoriteit] | G96: Defined in BWBR0052872 art. 1: de bevoegde autoriteit, bedoeld in artikel 8, eerste lid, van de NIS2-richtlijn en bedoeld in artikel 15
A97: 96 | B97: [1] 32024R1689:23:1:6 [2] 32024R1689:43:3:8 [3] 32024R1689:14:3:5 | C97: [1] de aanbieder [2] de aanbieder [3] de aanbieder | D97: aanbieder | E97: [1] Alvorens een AI-systeem met een hoog risico in de handel wordt gebracht, zorgen de importeurs ervoor dat het systeem in overeenstemming is met deze verordening door na te gaan of: a) de relevante conformiteitsbeoordelingsprocedure als bedoeld in artikel 43 is uitgevoerd door de aanbieder van het AI-systeem met een hoog risico; b) de aanbieder de technische documentatie heeft opgesteld in overeenstemming met artikel 11 en bijlage IV; c) de vereiste CE-markering op het systeem is aangebracht en [2] Voor AI-systemen met een hoog risico die onder de in afdeling A van bijlage I vermelde harmonisatiewetgeving van de Unie vallen, volgt de aanbieder de relevante conformiteitsbeoordelingsprocedure zoals vereist volgens die rechtshandelingen. De in afdeling 2 van dit hoofdstuk beschreven voorschriften zijn van toepassing op die AI-systemen met een hoog risico en maken deel uit van die beoordeling. De punten 4.3, 4.4, 4.5 en de vijfde alinea van punt 4.6 van bijlage VII zijn eveneens van toepassing [3] De toezichtmaatregelen staan in verhouding met de risico’s, de mate van autonomie en de gebruikscontext van het AI-systeem met een hoog risico en worden gewaarborgd door middel van een of alle van de volgende soorten maatregelen: a) door de aanbieder bepaalde maatregelen die waar technisch haalbaar in het AI-systeem met een hoog risico worden ingebouwd voordat dit systeem in de handel wordt gebracht of in gebruik wordt gesteld; b) door de aanbieder bepaalde maatregelen voordat het AI-systeem m | F97: aanbieder [32024R1689:aanbieder] | G97: Defined in 32024R1689 art. 3: een natuurlijke of rechtspersoon, overheidsinstantie, agentschap of ander orgaan die/dat een AI-systeem of een AI-model voor algemene doeleinden ontwikkelt of laat ontwikkelen en dat systeem of model in de handel brengt of het AI-systeem in gebruik stelt onder de eigen naam of merk, al dan niet tegen betaling
A98: 97 | B98: 32022R2554:26:7:13 | C98: Die autoriteit | D98: autoriteit | E98: Die autoriteit bezorgt een attest aan de financiële entiteit waarin wordt bevestigd dat de test in overeenstemming met de in de documentatie genoemde vereisten is verricht om de wederzijdse erkenning van dreigingsgestuurde penetratietests tussen bevoegde autoriteiten mogelijk te maken. De financiële entiteit stelt de relevante bevoegde autoriteit in kennis van het attest, de samenvatting van de relevante bevindingen en de correctieplannen. Onverminderd een dergelijk attest, blijven financiële entiteiten te allen tijde volledig verantwoordelijk voor de gevolgen van de in lid 4 genoemde tests. | F98: an actor of class 'authority' (no inventory entry)
A99: 98 | B99: 32016R0679:80:1:4 | C99: een orgaan, organisatie of vereniging zonder winstoogmerk dat of die op geldige wijze volgens het recht van een lidstaat is opgericht, waarvan de statutaire doelstellingen het openbare belang dienen en dat of die actief is op het gebied van de bescherming van de rechten en vrijheden van de betrokkene in verband met de bescherming van diens persoonsgegevens | D99: organisatie | E99: De betrokkene heeft het recht een orgaan, organisatie of vereniging zonder winstoogmerk dat of die op geldige wijze volgens het recht van een lidstaat is opgericht, waarvan de statutaire doelstellingen het openbare belang dienen en dat of die actief is op het gebied van de bescherming van de rechten en vrijheden van de betrokkene in verband met de bescherming van diens persoonsgegevens, opdracht te geven de klacht namens hem in te dienen, namens hem de in artikelen 77, 78 en 79 bedoelde rechten uit te oefenen en namens hem het in artikel 82 bedoelde recht op schadevergoeding uit te oefenen, indien het lidstatelijke recht daarin voorziet. | F99: an actor of class 'party' (no inventory entry)
A100: 99 | B100: BWBR0009950:7.3:5:12 | C100: de tool | D100: tool | E100: De vergelijkingstool, bedoeld in het vierde lid, voldoet aan de volgende vereisten: a. de tool is operationeel onafhankelijk van de aanbieders van diensten als bedoeld in het vierde lid en waarborgt dat die aanbieders in de zoekresultaten gelijk worden behandeld; b. de tool vermeldt wie de eigenaar daarvan is en wie de tool beheert; c. de tool vermeldt de duidelijke en objectieve criteria waarop de vergelijking moet worden gebaseerd; d. de tool maakt gebruik van duidelijke en ondubbelzinnige taal; e. de tool geeft nauwkeurige en actuele informatie, met vermelding van het tijdstip van de meest recente actualisering; f. de tool staat open voor iedere aanbieder van internettoegangsdiensten of voor het publiek beschikbare interpersoonlijke communicatiediensten, die de relevante informatie beschikbaar maakt en omvat een breed scala aan aanbiedingen die een significant deel van de markt beslaan en vermeld in voorkomend geval duidelijk dat de gepresenteerde informatie geen volledig overzicht van de markt biedt, voordat de zoekresultaten worden getoond; g. de tool voorziet in een effectieve procedure om onjuiste informatie te melden; h. de tool voorziet in de mogelijkheid tot vergelijking van de prijzen, tarieven en kwaliteit van de dienstverlening van de aanbiedingen waartussen de consument kan kiezen. | F100: not an actor (dropped)
...

Sheet Inventory
A1: id | B1: label | C1: aliases | D1: kind | E1: valid in | F1: class | G1: part of | H1: definition or source
A2: 32024R1689:aanbieder | B2: aanbieder | D2: defined | E2: 32024R1689 | F2: party | H2: een natuurlijke of rechtspersoon, overheidsinstantie, agentschap of ander orgaan die/dat een AI-systeem of een AI-model voor algemene doeleinden ontwikkelt of laat ontwikkelen en dat systeem of model in de handel brengt of het AI-systeem in gebruik stelt onder de eigen naam of merk, al dan niet tegen betaling
A3: 32024R1689:gebruiksverantwoordelijke | B3: gebruiksverantwoordelijke | D3: defined | E3: 32024R1689 | F3: party | H3: een natuurlijke of rechtspersoon, overheidsinstantie, agentschap of ander orgaan die/dat een AI-systeem onder eigen verantwoordelijkheid gebruikt, tenzij het AI-systeem wordt gebruikt in het kader van een persoonlijke niet-beroepsactiviteit
A4: 32024R1689:gemachtigde | B4: gemachtigde | D4: defined | E4: 32024R1689 | F4: party | H4: een natuurlijke of rechtspersoon die zich bevindt of gevestigd is in de Unie die een schriftelijke machtiging heeft gekregen en aanvaard van een aanbieder van een AI-systeem of een AI-model voor algemene doeleinden om namens die aanbieder de verplichtingen en procedures van deze verordening respectievelijk na te komen en uit te voeren
A5: 32024R1689:importeur | B5: importeur | D5: defined | E5: 32024R1689 | F5: party | H5: een natuurlijke of rechtspersoon die zich bevindt of gevestigd is in de Unie die een AI-systeem in de handel brengt dat de naam of het merk van een in een derde land gevestigde natuurlijke of rechtspersoon draagt
A6: 32024R1689:distributeur | B6: distributeur | D6: defined | E6: 32024R1689 | F6: party | H6: een andere natuurlijke persoon of rechtspersoon in de toeleveringsketen dan de aanbieder of de importeur, die een AI-systeem in de Unie op de markt aanbiedt
A7: 32024R1689:operator | B7: operator | D7: defined | E7: 32024R1689 | F7: party | H7: een aanbieder, productfabrikant, gebruiksverantwoordelijke, gemachtigde, importeur of distributeur
A8: 32024R1689:aanmeldende_autoriteit | B8: aanmeldende autoriteit | D8: defined | E8: 32024R1689 | F8: authority | H8: de nationale autoriteit die verantwoordelijk is voor het opzetten en uitvoeren van de noodzakelijke procedures voor de beoordeling, aanwijzing en kennisgeving van de conformiteitsbeoordelingsinstanties en de monitoring hiervan
A9: 32024R1689:conformiteitsbeoordelingsinstantie | B9: conformiteitsbeoordelingsinstantie | D9: defined | E9: 32024R1689 | F9: body | H9: een instantie die als derde partij conformiteits-beoordelingsactiviteiten verricht, zoals onder meer testen, certificeren en inspecteren
A10: 32024R1689:aangemelde_instantie | B10: aangemelde instantie | D10: defined | E10: 32024R1689 | F10: body | H10: een conformiteitsbeoordelingsinstantie die overeenkomstig deze verordening en andere relevante harmonisatiewetgeving van de Unie, is aangemeld
A11: 32024R1689:markttoezichtautoriteit | B11: markttoezichtautoriteit | D11: defined | E11: 32024R1689 | F11: authority | H11: de nationale autoriteit die de activiteiten verricht en maatregelen neemt als bedoeld in Verordening (EU) 2019/1020
A12: 32024R1689:rechtshandhavingsinstantie | B12: rechtshandhavingsinstantie | D12: defined | E12: 32024R1689 | F12: body | H12: a) iedere overheidsinstantie die bevoegd is voor de voorkoming van, het onderzoek naar, de opsporing en de vervolging van strafbare feiten of de uitvoering van straffen, met inbegrip van de bescherming tegen en de voorkoming van gevaren voor de openbare veiligheid, of b) ieder ander orgaan dat of iedere andere entiteit die krachtens het recht van de lidstaten is gemachtigd openbaar gezag en openbare bevoegdheden uit te oefenen met het oog op de voorkoming van, het onderzoek naar, de opsporing en
A13: 32024R1689:aibureau | B13: AI-bureau | D13: defined | E13: 32024R1689 | F13: body | H13: de taak van de Commissie waarbij zij bijdraagt aan de uitvoering van, de monitoring van en het toezicht op AI-systemen en AI-modellen voor algemene doeleinden, en AI-governance, als bepaald in het besluit van de Commissie van 24 januari 2024; verwijzingen in deze verordening naar het AI-bureau worden begrepen als verwijzingen naar de Commissie
... A121: BWBR0048156:organen_personen_en_colleges_als_bedoeld_in_artikel_1_1_tweede_lid_van_de_algemene_wet_bestuursrecht | B121: organen, personen en colleges als bedoeld in artikel 1:1, tweede lid, van de Algemene wet bestuursrecht | D121: defined | E121: BWBR0048156 | F121: body | H121: organen als bedoeld in artikel 2, eerste lid, onderdelen a tot en met d, van de Wet administratieve rechtspraak BES».
A122: KEY:EU:commissie | B122: Commissie | C122: Europese Commissie | D122: key | E122: eu | F122: institution | H122: curated
A123: KEY:EU:lidstaat | B123: lidstaat | D123: key | E123: eu | F123: state | H123: curated
A124: KEY:EU:europees_parlement | B124: Europees Parlement | D124: key | E124: eu | F124: institution | H124: curated
A125: KEY:EU:raad | B125: Raad | C125: Raad van de Europese Unie | D125: key | E125: eu | F125: institution | H125: curated
A126: KEY:EU:hof_van_justitie | B126: Hof van Justitie | C126: Hof van Justitie van de Europese Unie | D126: key | E126: eu | F126: institution | H126: curated
A127: KEY:EU:europese_toezichthouder_voor_gegevensbescherming | B127: Europese Toezichthouder voor gegevensbescherming | D127: key | E127: eu | F127: authority | H127: curated
A128: KEY:EU:gerecht | B128: gerecht | C128: bevoegd gerecht; nationaal gerecht | D128: key | E128: eu | F128: institution | H128: curated
A129: KEY:EU:overheidsinstantie | B129: overheidsinstantie | D129: key | E129: eu | F129: authority | H129: curated
A130: KEY:EU:nationale_accreditatieinstantie | B130: nationale accreditatie-instantie | C130: accreditatie-instantie | D130: key | E130: eu | F130: body | H130: curated
A131: KEY:32016R0679:comite | B131: Comité | C131: Europees Comité voor gegevensbescherming | D131: key | E131: 32016R0679 | F131: body | H131: curated
A132: KEY:32016R0679:voorzitter | B132: voorzitter | C132: voorzitter van het Comité | D132: key | E132: 32016R0679 | F132: office | G132: KEY:32016R0679:comite | H132: curated
A133: KEY:32016R0679:secretariaat | B133: secretariaat | C133: secretariaat van het Comité | D133: key | E133: 32016R0679 | F133: office | G133: KEY:32016R0679:comite | H133: curated
A134: KEY:32016R0679:leidende_toezichthoudende_autoriteit | B134: leidende toezichthoudende autoriteit | D134: key | E134: 32016R0679 | F134: authority | H134: curated
A135: KEY:32016R0679:functionaris_voor_gegevensbescherming | B135: functionaris voor gegevensbescherming | D135: key | E135: 32016R0679 | F135: office | H135: curated
A136: KEY:32016R0679:certificeringsorgaan | B136: certificeringsorgaan | D136: key | E136: 32016R0679 | F136: body | H136: curated
A137: KEY:32016R0679:vereniging | B137: vereniging | C137: verenigingen en andere organen die categorieën van verwerkingsverantwoordelijken of verwerkers vertegenwoordigen | D137: key | E137: 32016R0679 | F137: party | H137: curated
A138: KEY:32024R1689:aiboard | B138: AI-board | C138: Europese raad voor artificiële intelligentie | D138: key | E138: 32024R1689 | F138: body | H138: curated
A139: KEY:32024R1689:adviesforum | B139: adviesforum | D139: key | E139: 32024R1689 | F139: body | H139: curated
A140: KEY:32024R1689:wetenschappelijk_panel | B140: wetenschappelijk panel | C140: wetenschappelijk panel van onafhankelijke deskundigen | D140: key | E140: 32024R1689 | F140: body | H140: curated
A141: KEY:32024R1689:productfabrikant | B141: productfabrikant | D141: key | E141: 32024R1689 | F141: party | H141: curated
A142: KEY:32024R1689:permanente_subgroep_voor_markttoezicht | B142: permanente subgroep voor markttoezicht | C142: subgroep | D142: key | E142: 32024R1689 | F142: body | G142: KEY:32024R1689:aiboard | H142: curated
A143: KEY:32024R1689:gegevensbeschermingsautoriteit | B143: gegevensbeschermingsautoriteit | C143: nationale gegevensbeschermingsautoriteit | D143: key | E143: 32024R1689 | F143: authority | H143: curated
A144: KEY:32024R1689:civielebeschermingsautoriteit | B144: civielebeschermingsautoriteit | D144: key | E144: 32024R1689 | F144: authority | H144: curated
A145: KEY:32024R1689:kmo | B145: kmo | C145: kmo, met inbegrip van start-ups | D145: key | E145: 32024R1689 | F145: party | H145: curated

Sheet key
A1: # | B1: stratum | C1: kind | D1: source | E1: level | F1: unit | G1: result | H1: actor_id | I1: fallback_class | J1: role_keys | K1: occ_EU | L1: occ_NL | M1: group_occ | N1: norm_ids
A2: 1 | B2: NL | shortened | C2: sample | D2: NL | E2: shortened | F2: aanbieder van een openbaar elektronisch communicatienetwerk waarover een openbare elektronische communicatiedienst wordt verzorgd | G2: BWBR0009950:aanbieder_van_een_openbaar_elektronisch_communicatienetwerk | H2: BWBR0009950:aanbieder_van_een_openbaar_elektronisch_communicatienetwerk | J2: aanbieder open elektronisch communicatienetwerk waarover open elektronisch communicatiedienst wordt verzorgd / aanbieder open elektronisch communicatienetwerk waarover open elektronisch communicatiedienst wordt / aanbieder open elektronisch communicatienetwerk waarover open elektronisch communicatiedienst / aanbieder open elektronisch communicatienetwerk waarover open elektronisch / aanbieder open elektronisch communicatienetwerk waarover open / aanbieder open elektronisch communicatienetwerk waarover / aanbieder open elektronisch communicatienetwerk / aanbieder open elektronisch / aanbieder open / aanbieder | K2: 0 | L2: 0 | M2: 1 | N2: BWBR0009950:4.10:6:10
A3: 2 | B3: EU | exact | C3: sample | D3: EU | E3: exact | F3: gebruiksverantwoordelijke | G3: 32024R1689:gebruiksverantwoordelijke | H3: 32024R1689:gebruiksverantwoordelijke | J3: gebruiksverantwoord | K3: 0 | L3: 0 | M3: 11 | N3: 32024R1689:26:8:15
A4: 3 | B4: EU | shortened | C4: sample | D4: EU | E4: shortened | F4: potentiële aanbieder | G4: 32024R1689:aanbieder | H4: 32024R1689:aanbieder | J4: potentiel aanbieder / aanbieder | K4: 0 | L4: 0 | M4: 12 | N4: 32024R1689:60:4:9
A5: 4 | B5: EU | fallback | C5: sample | D5: EU | E5: fallback | F5: derden | G5: class:party | I5: party | J5: derd | K5: 0 | L5: 0 | M5: 2 | N5: 32024R1689:25:4:15
A6: 5 | B6: census | C6: census | D6: EU | E6: exact | F6: verwerker | G6: 32016R0679:verwerker | H6: 32016R0679:verwerker | J6: verwerker | K6: 51 | L6: 0 | M6: 51 | N6: 32016R0679:27:1:1, 32016R0679:38:3:5, 32016R0679:28:3:13
A7: 6 | B7: NL | not_actor | C7: sample | D7: NL | E7: not_actor | F7: voorschriften | G7: not_actor | J7: voorschrift | K7: 0 | L7: 0 | M7: 1 | N7: BWBR0009950:6a.6:7:13
A8: 7 | B8: NL | not_actor | C8: sample | D8: NL | E8: not_actor | F8: Maatregelen van aanbieders van internettoegangsdiensten en voor het publiek beschikbare interpersoonlijke communicatiediensten | G8: not_actor | J8: maatregel aanbieder internettoegangsdienst publiek beschik interperson communicatiedienst / maatregel aanbieder internettoegangsdienst publiek beschik interperson / maatregel aanbieder internettoegangsdienst publiek beschik / maatregel aanbieder internettoegangsdienst publiek / maatregel aanbieder internettoegangsdienst / maatregel aanbieder / maatregel | K8: 0 | L8: 0 | M8: 1 | N8: BWBR0009950:7.4:2:2
A9: 8 | B9: census | C9: census | D9: EU | E9: exact | F9: lidstaat | G9: KEY:EU:lidstaat | H9: KEY:EU:lidstaat | J9: lidstat | K9: 63 | L9: 0 | M9: 63 | N9: 32022L2555:34:8:11, 32016R0679:46:5:6, 32022L2555:9:1:1
A10: 9 | B10: NL | not_actor | C10: sample | D10: NL | E10: not_actor | F10: centrale contactpunt | G10: not_actor | J10: central contactpunt / contactpunt | K10: 0 | L10: 0 | M10: 19 | N10: BWBR0052872:39:3:6
A11: 10 | B11: census | C11: census | D11: NL | E11: fallback | F11: aanbieder | G11: class:party | I11: party | J11: aanbieder | K11: 0 | L11: 56 | M11: 56 | N11: BWBR0009950:4.11:3:5, BWBR0009950:7.1:2:7, BWBR0009950:11.11:5:9
A12: 11 | B12: census | C12: census | D12: EU | E12: exact | F12: AI-bureau | G12: 32024R1689:aibureau | H12: 32024R1689:aibureau | J12: aibureau | K12: 47 | L12: 0 | M12: 47 | N12: 32024R1689:95:2:3, 32024R1689:50:7:19, 32024R1689:65:8:21
A13: 12 | B13: NL | exact | C13: sample | D13: NL | E13: exact | F13: instelling in het buitenland | G13: BWBR0009950:instelling_in_het_buitenland | H13: BWBR0009950:instelling_in_het_buitenland | J13: instell buitenland / instell | K13: 0 | L13: 0 | M13: 4 | N13: BWBR0009950:14a.11:3:6
A14: 13 | B14: NL | fallback | C14: sample | D14: NL | E14: fallback | F14: vergunninghouder | G14: class:party | I14: party | J14: vergunninghouder | K14: 0 | L14: 0 | M14: 2 | N14: BWBR0009950:3.20a:6:7
A15: 14 | B15: EU | not_actor | C15: sample | D15: EU | E15: not_actor | F15: eisen | G15: not_actor | J15: eis | K15: 0 | L15: 0 | M15: 2 | N15: 32016R0679:43:3:7
A16: 15 | B16: census | C16: census | D16: EU | E16: not_actor | F16: ETA’s | G16: not_actor | J16: eta | K16: 53 | L16: 0 | M16: 53 | N16: 32022R2554:15:whole:3, 32022R2554:28:9:36, 32022R2554:20:whole:4
A17: 16 | B17: NL | not_actor | C17: sample | D17: NL | E17: not_actor | F17: kennisgeving aan de Autoriteit persoonsgegevens en de persoon | G17: not_actor | J17: kennisgev autoriteit persoonsgegeven person / kennisgev autoriteit persoonsgegeven / kennisgev autoriteit / kennisgev | K17: 0 | L17: 0 | M17: 1 | N17: BWBR0009950:11.3a:3:3
A18: 17 | B18: NL | fallback | C18: sample | D18: NL | E18: fallback | F18: verwerkingsverantwoordelijke | G18: class:party | I18: party | J18: verwerkingsverantwoord | K18: 0 | L18: 0 | M18: 8 | N18: BWBR0040940:35:6:9
A19: 18 | B19: NL | not_actor | C19: sample | D19: NL | E19: not_actor | F19: degene | G19: not_actor | J19: deg | K19: 0 | L19: 0 | M19: 9 | N19: BWBR0009950:14a.10:2:2
A20: 19 | B20: EU | exact | C20: sample | D20: EU | E20: exact | F20: AI-board | G20: KEY:32024R1689:aiboard | H20: KEY:32024R1689:aiboard | J20: aiboard | K20: 0 | L20: 0 | M20: 35 | N20: 32024R1689:56:6:16
A21: 20 | B21: NL | not_actor | C21: sample | D21: NL | E21: not_actor | F21: Autoriteit persoonsgegevens | G21: not_actor | J21: autoriteit persoonsgegeven / persoonsgegeven | K21: 0 | L21: 0 | M21: 32 | N21: BWBR0040940:14:1:1
A22: 21 | B22: NL | not_actor | C22: sample | D22: NL | E22: not_actor | F22: bewaarder van een beleggingsinstelling en buitenlandse instelling met een functie | G22: not_actor | J22: bewaarder beleggingsinstell buitenland instell functie / bewaarder beleggingsinstell buitenland instell / bewaarder beleggingsinstell buitenland / bewaarder beleggingsinstell / bewaarder | K22: 0 | L22: 0 | M22: 1 | N22: BWBR0009950:14a.7:2:3
A23: 22 | B23: EU | exact | C23: sample | D23: EU | E23: exact | F23: gebruiksverantwoordelijken | G23: 32024R1689:gebruiksverantwoordelijke | H23: 32024R1689:gebruiksverantwoordelijke | J23: gebruiksverantwoord | K23: 0 | L23: 0 | M23: 10 | N23: 32024R1689:4:whole:1
A24: 23 | B24: NL | shortened | C24: sample | D24: NL | E24: shortened | F24: Onze Minister van Economische Zaken | G24: BWBR0052872:onze_minister | H24: BWBR0052872:onze_minister | J24: onz minister economisch zak / onz minister economisch / onz minister / minister economisch zak / minister economisch / minister | K24: 0 | L24: 0 | M24: 2 | N24: BWBR0052872:49:6:7
A25: 24 | B25: NL | exact | C25: sample | D25: NL | E25: exact | F25: CSIRT’s | G25: BWBR0052872:csirt | H25: BWBR0052872:csirt | J25: csirt | K25: 0 | L25: 0 | M25: 8 | N25: BWBR0052872:51:2:4
A26: 25 | B26: EU | not_actor | C26: sample | D26: EU | E26: not_actor | F26: ECB | G26: not_actor | J26: ecb | K26: 0 | L26: 0 | M26: 10 | N26: 32022R2554:49:2:7
A27: 26 | B27: EU | not_actor | C27: sample | D27: EU | E27: not_actor | F27: samenwerkingsgroep | G27: not_actor | J27: samenwerkingsgroep | K27: 0 | L27: 0 | M27: 10 | N27: 32022L2555:19:6:16
A28: 27 | B28: EU | shortened | C28: sample | D28: EU | E28: shortened | F28: essentiële en belangrijke entiteiten | G28: 32022L2555:entiteit | H28: 32022L2555:entiteit | J28: essentiel belangrijk entiteit / belangrijk entiteit / entiteit | K28: 0 | L28: 0 | M28: 6 | N28: 32022L2555:30:1:1
A29: 28 | B29: NL | exact | C29: sample | D29: NL | E29: exact | F29: aanbieder van een openbaar elektronisch communicatienetwerk | G29: BWBR0009950:aanbieder_van_een_openbaar_elektronisch_communicatienetwerk | H29: BWBR0009950:aanbieder_van_een_openbaar_elektronisch_communicatienetwerk | J29: aanbieder open elektronisch communicatienetwerk / aanbieder open elektronisch / aanbieder open / aanbieder | K29: 0 | L29: 0 | M29: 25 | N29: BWBR0009950:11.9:1:2
A30: 29 | B30: NL | not_actor | C30: sample | D30: NL | E30: not_actor | F30: ambtenaar | G30: not_actor | J30: ambtenar | K30: 0 | L30: 0 | M30: 2 | N30: BWBR0009950:15.7b:2:4
A31: 30 | B31: NL | exact | C31: sample | D31: NL | E31: exact | F31: CSIRT | G31: BWBR0052872:csirt | H31: BWBR0052872:csirt | J31: csirt | K31: 0 | L31: 0 | M31: 35 | N31: BWBR0052872:36:2:4
A32: 31 | B32: EU | shortened | C32: sample | D32: EU | E32: shortened | F32: betrokken entiteiten | G32: 32022L2555:entiteit | H32: 32022L2555:entiteit | J32: betrok entiteit / entiteit | K32: 0 | L32: 0 | M32: 9 | N32: 32022L2555:23:4:9
A33: 32 | B33: census | C33: census | D33: NL | E33: exact | F33: Onze Minister | G33: BWBR0048156:onze_minister | H33: BWBR0048156:onze_minister | J33: onz minister / minister | K33: 0 | L33: 45 | M33: 45 | N33: BWBR0048156:9:8:16, BWBR0048156:11:8:9, BWBR0048156:14:8:15
A34: 33 | B34: EU | not_actor | C34: sample | D34: EU | E34: not_actor | F34: systeem | G34: not_actor | J34: system | K34: 0 | L34: 0 | M34: 2 | N34: 32024R1689:17:1:2
A35: 34 | B35: EU | not_actor | C35: sample | D35: EU | E35: not_actor | F35: contractuele overeenkomsten inzake het gebruik van ICT-diensten | G35: not_actor | J35: contractuel overeenkomst inzak gebruik ictdienst / contractuel overeenkomst inzak gebruik / overeenkomst inzak gebruik ictdienst / overeenkomst inzak gebruik / inzak gebruik ictdienst / inzak gebruik / gebruik ictdienst / gebruik | K35: 0 | L35: 0 | M35: 2 | N35: 32022R2554:30:2:5
A36: 35 | B36: census | C36: census | D36: EU | E36: exact | F36: Comité | G36: KEY:32016R0679:comite | H36: KEY:32016R0679:comite | J36: comit | K36: 63 | L36: 0 | M36: 63 | N36: 32016R0679:64:1:1, 32016R0679:70:1:8, 32016R0679:70:1:18
A37: 36 | B37: EU | shortened | C37: sample | D37: EU | E37: shortened | F37: twee of meer verwerkingsverantwoordelijken | G37: 32016R0679:verwerkingsverantwoordelijke | H37: 32016R0679:verwerkingsverantwoordelijke | J37: twee mer verwerkingsverantwoord / mer verwerkingsverantwoord / verwerkingsverantwoord | K37: 0 | L37: 0 | M37: 1 | N37: 32016R0679:26:1:3
A38: 37 | B38: NL | fallback | C38: sample | D38: NL | E38: fallback | F38: aanbieder van de dienst met toegevoegde waarde | G38: class:party | I38: party | J38: aanbieder dienst toegevoegd waard / aanbieder dienst toegevoegd / aanbieder dienst / aanbieder | K38: 0 | L38: 0 | M38: 1 | N38: BWBR0009950:11.5a:3:3
A39: 38 | B39: EU | shortened | C39: sample | D39: EU | E39: shortened | F39: gecontroleerde entiteit | G39: 32022L2555:entiteit | H39: 32022L2555:entiteit | J39: gecontroleerd entiteit / entiteit | K39: 0 | L39: 0 | M39: 1 | N39: 32022L2555:32:2:3
A40: 39 | B40: EU | exact | C40: sample | D40: EU | E40: exact | F40: centrale tegenpartij | G40: 32022R2554:centrale_tegenpartij | H40: 32022R2554:centrale_tegenpartij | J40: central tegenpartij / tegenpartij | K40: 0 | L40: 0 | M40: 2 | N40: 32022R2554:12:3:13
A41: 40 | B41: NL | fallback | C41: sample | D41: NL | E41: fallback | F41: wettelijk vertegenwoordiger | G41: class:party | I41: party | J41: wettelijk vertegenwoordiger / vertegenwoordiger | K41: 0 | L41: 0 | M41: 3 | N41: BWBR0040940:5:1:1
A42: 41 | B42: NL | exact | C42: sample | D42: NL | E42: exact | F42: Onze Minister | G42: BWBR0040940:onze_minister | H42: BWBR0040940:onze_minister | J42: onz minister / minister | K42: 0 | L42: 0 | M42: 8 | N42: BWBR0040940:7:8:12
A43: 42 | B43: NL | shortened | C43: sample | D43: NL | E43: shortened | F43: bij een geschil betrokken partij | G43: BWBR0009950:betrokken_partij | H43: BWBR0009950:betrokken_partij | J43: geschil betrok partij / betrok partij / partij | K43: 0 | L43: 0 | M43: 1 | N43: BWBR0009950:12.6:whole:1
A44: 43 | B44: census | C44: census | D44: EU | E44: fallback | F44: financiële entiteiten | G44: class:party | I44: party | J44: financiel entiteit / entiteit | K44: 94 | L44: 0 | M44: 94 | N44: 32022R2554:27:2:6, 32022R2554:12:4:15, 32022R2554:8:1:4
A45: 44 | B45: EU | fallback | C45: sample | D45: EU | E45: fallback | F45: leden | G45: class:office | I45: office | J45: lid | K45: 0 | L45: 0 | M45: 14 | N45: 32016R0679:62:3:8
A46: 45 | B46: EU | exact | C46: sample | D46: EU | E46: exact | F46: aanbieders | G46: 32024R1689:aanbieder | H46: 32024R1689:aanbieder | J46: aanbieder | K46: 0 | L46: 0 | M46: 19 | N46: 32024R1689:59:1:1
A47: 46 | B47: NL | fallback | C47: sample | D47: NL | E47: fallback | F47: leden | G47: class:office | I47: office | J47: lid | K47: 0 | L47: 0 | M47: 14 | N47: BWBR0040940:11:5:5
A48: 47 | B48: census | C48: census | D48: EU | E48: fallback | F48: bevoegde autoriteiten | G48: class:authority | I48: authority | J48: bevoegd autoriteit / autoriteit | K48: 95 | L48: 0 | M48: 95 | N48: 32022R2554:47:3:5, 32022R2554:33:5:9, 32022L2555:32:5:22
A49: 48 | B49: EU | fallback | C49: sample | D49: EU | E49: fallback | F49: betrokken natuurlijke personen | G49: class:person | I49: person | J49: betrok natur person / natur person / person | K49: 0 | L49: 0 | M49: 1 | N49: 32024R1689:50:1:4
A50: 49 | B50: NL | fallback | C50: sample | D50: NL | E50: fallback | F50: ambtenaren.1, eerste lid | G50: class:office | I50: office | J50: ambtenar eerst lid / eerst lid / lid | K50: 0 | L50: 0 | M50: 3 | N50: BWBR0009950:15.7b:1:1
A51: 50 | B51: EU | not_actor | C51: sample | D51: EU | E51: not_actor | F51: uitvoeringshandelingen | G51: not_actor | J51: uitvoeringshandel | K51: 0 | L51: 0 | M51: 4 | N51: 32024R1689:58:1:3
A52: 51 | B52: census | C52: census | D52: EU | E52: exact | F52: lidstaten | G52: KEY:EU:lidstaat | H52: KEY:EU:lidstaat | J52: lidstat | K52: 179 | L52: 0 | M52: 179 | N52: 32024R1689:65:4:7, 32024R1689:74:8:10, 32022L2555:19:4:10
A53: 52 | B53: NL | not_actor | C53: sample | D53: NL | E53: not_actor | F53: degene | G53: not_actor | J53: deg | K53: 0 | L53: 0 | M53: 9 | N53: BWBR0009950:9.4:5:5
A54: 53 | B54: EU | shortened | C54: sample | D54: EU | E54: shortened | F54: bevoegde toezichthoudende autoriteit | G54: 32016R0679:toezichthoudende_autoriteit | H54: 32016R0679:toezichthoudende_autoriteit | J54: bevoegd toezichthoud autoriteit / toezichthoud autoriteit / autoriteit | K54: 0 | L54: 0 | M54: 18 | N54: 32016R0679:35:6:9
A55: 54 | B55: EU | not_actor | C55: sample | D55: EU | E55: not_actor | F55: Enisa | G55: not_actor | J55: enisa | K55: 0 | L55: 0 | M55: 22 | N55: 32022L2555:27:1:2
A56: 55 | B56: EU | exact | C56: sample | D56: EU | E56: exact | F56: verwerkingsverantwoordelijken | G56: 32016R0679:verwerkingsverantwoordelijke | H56: 32016R0679:verwerkingsverantwoordelijke | J56: verwerkingsverantwoord | K56: 0 | L56: 0 | M56: 6 | N56: 32016R0679:36:5:9
A57: 56 | B57: EU | fallback | C57: sample | D57: EU | E57: fallback | F57: bevoegde autoriteit | G57: class:authority | I57: authority | J57: bevoegd autoriteit / autoriteit | K57: 0 | L57: 0 | M57: 28 | N57: 32022R2554:54:5:7
A58: 57 | B58: NL | fallback | C58: sample | D58: NL | E58: fallback | F58: leden | G58: class:office | I58: office | J58: lid | K58: 0 | L58: 0 | M58: 14 | N58: BWBR0040940:7:10:13
A59: 58 | B59: NL | exact | C59: sample | D59: NL | E59: exact | F59: aangewezen organisaties | G59: BWBR0048156:aangewezen_organisatie | H59: BWBR0048156:aangewezen_organisatie | J59: aangewez organisatie / organisatie | K59: 0 | L59: 0 | M59: 13 | N59: BWBR0048156:16:1:1
A60: 59 | B60: NL | not_actor | C60: sample | D60: NL | E60: not_actor | F60: tool | G60: not_actor | J60: tol | K60: 0 | L60: 0 | M60: 10 | N60: BWBR0009950:7.3:5:6
A61: 60 | B61: NL | fallback | C61: sample | D61: NL | E61: fallback | F61: personen | G61: class:person | I61: person | J61: person | K61: 0 | L61: 0 | M61: 11 | N61: BWBR0009950:11.5a:6:7
A62: 61 | B62: EU | exact | C62: sample | D62: EU | E62: exact | F62: AI-board | G62: KEY:32024R1689:aiboard | H62: KEY:32024R1689:aiboard | J62: aiboard | K62: 0 | L62: 0 | M62: 35 | N62: 32024R1689:66:whole:18
A63: 62 | B63: EU | not_actor | C63: sample | D63: EU | E63: not_actor | F63: secundaire verwerkingslocatie | G63: not_actor | J63: secundair verwerkingslocatie / verwerkingslocatie | K63: 0 | L63: 0 | M63: 7 | N63: 32022R2554:12:5:20
A64: 63 | B64: NL | shortened | C64: sample | D64: NL | E64: shortened | F64: bevoegde autoriteit voor een entiteit in de sector onderzoek | G64: BWBR0052872:bevoegde_autoriteit | H64: BWBR0052872:bevoegde_autoriteit | J64: bevoegd autoriteit entiteit sector onderzoek / bevoegd autoriteit entiteit sector / bevoegd autoriteit entiteit / bevoegd autoriteit / autoriteit entiteit sector onderzoek / autoriteit entiteit sector / autoriteit entiteit / autoriteit | K64: 0 | L64: 0 | M64: 2 | N64: BWBR0052872:15:4:2
A65: 64 | B65: census | C65: census | D65: EU | E65: not_actor | F65: lead overseer | G65: not_actor | J65: lead overser / overser | K65: 49 | L65: 0 | M65: 49 | N65: 32022R2554:38:1:1, 32022R2554:39:3:7, 32022R2554:35:6:19
A66: 65 | B66: NL | exact | C66: sample | D66: NL | E66: exact | F66: aangewezen organisaties | G66: BWBR0048156:aangewezen_organisatie | H66: BWBR0048156:aangewezen_organisatie | J66: aangewez organisatie / organisatie | K66: 0 | L66: 0 | M66: 13 | N66: BWBR0048156:15:2:1
A67: 66 | B67: EU | not_actor | C67: sample | D67: EU | E67: not_actor | F67: scannen | G67: not_actor | J67: scann | K67: 0 | L67: 0 | M67: 1 | N67: 32022L2555:11:3:24
A68: 67 | B68: NL | exact | C68: sample | D68: NL | E68: exact | F68: belangrijke entiteit | G68: BWBR0052872:belangrijke_entiteit | H68: BWBR0052872:belangrijke_entiteit | J68: belangrijk entiteit / entiteit | K68: 0 | L68: 0 | M68: 23 | N68: BWBR0052872:29:2:3
A69: 68 | B69: NL | shortened | C69: sample | D69: NL | E69: shortened | F69: Onze Minister van Economische Zaken | G69: BWBR0052872:onze_minister | H69: BWBR0052872:onze_minister | J69: onz minister economisch zak / onz minister economisch / onz minister / minister economisch zak / minister economisch / minister | K69: 0 | L69: 0 | M69: 2 | N69: BWBR0052872:59:whole:1
A70: 69 | B70: EU | not_actor | C70: sample | D70: EU | E70: not_actor | F70: gebruik van het systeem voor biometrische identificatie op afstand achteraf | G70: not_actor | J70: gebruik system biometrisch identificatie afstand achteraf / gebruik system biometrisch identificatie afstand / gebruik system biometrisch identificatie / gebruik system biometrisch / gebruik system / gebruik | K70: 0 | L70: 0 | M70: 1 | N70: 32024R1689:26:10:22
A71: 70 | B71: EU | not_actor | C71: sample | D71: EU | E71: not_actor | F71: vertrek uit de AI-testomgeving voor regelgeving | G71: not_actor | J71: vertrek aitestomgev regelgev / vertrek aitestomgev / vertrek | K71: 0 | L71: 0 | M71: 3 | N71: 32024R1689:58:2:14
A72: 71 | B72: EU | shortened | C72: sample | D72: EU | E72: shortened | F72: aanbieder van een betrokken AI-systeem | G72: 32024R1689:aanbieder | H72: 32024R1689:aanbieder | J72: aanbieder betrok aisystem / aanbieder betrok / aanbieder | K72: 0 | L72: 0 | M72: 1 | N72: 32024R1689:80:4:7
A73: 72 | B73: EU | exact | C73: sample | D73: EU | E73: exact | F73: voorzitter | G73: KEY:32016R0679:voorzitter | H73: KEY:32016R0679:voorzitter | J73: voorzitter | K73: 0 | L73: 0 | M73: 6 | N73: 32016R0679:74:1:4
A74: 73 | B74: NL | fallback | C74: sample | D74: NL | E74: fallback | F74: rechtspersoon | G74: class:party | I74: party | J74: rechtsperson | K74: 0 | L74: 0 | M74: 3 | N74: BWBR0009950:11.7:3:3
A75: 74 | B75: NL | not_actor | C75: sample | D75: NL | E75: not_actor | F75: registers voor topleveldomeinnamen en de entiteiten | G75: not_actor | J75: register topleveldomeinnam entiteit / register topleveldomeinnam / register | K75: 0 | L75: 0 | M75: 14 | N75: BWBR0052872:49:5:6
A76: 75 | B76: EU | exact | C76: sample | D76: EU | E76: exact | F76: verwerkers | G76: 32016R0679:verwerker | H76: 32016R0679:verwerker | J76: verwerker | K76: 0 | L76: 0 | M76: 3 | N76: 32016R0679:40:3:6
A77: 76 | B77: EU | fallback | C77: sample | D77: EU | E77: fallback | F77: deelnemers aan het normalisatieproces | G77: class:party | I77: party | J77: deelnemer normalisatieproc / deelnemer | K77: 0 | L77: 0 | M77: 3 | N77: 32024R1689:40:3:7
A78: 77 | B78: NL | exact | C78: sample | D78: NL | E78: exact | F78: abonnee | G78: BWBR0009950:abonnee | H78: BWBR0009950:abonnee | J78: abonnee | K78: 0 | L78: 0 | M78: 9 | N78: BWBR0009950:11.6:4:9
A79: 78 | B79: EU | not_actor | C79: sample | D79: EU | E79: not_actor | F79: aangestelde lead overseer | G79: not_actor | J79: aangesteld lead overser / lead overser / overser | K79: 0 | L79: 0 | M79: 2 | N79: 32022R2554:33:1:1
A80: 79 | B80: census | C80: census | D80: EU | E80: fallback | F80: CSIRT’s | G80: class:authority | I80: authority | J80: csirt | K80: 48 | L80: 0 | M80: 48 | N80: 32022L2555:11:3:28, 32022L2555:11:1:6, 32022L2555:11:3:22
A81: 80 | B81: NL | fallback | C81: sample | D81: NL | E81: fallback | F81: burgemeester | G81: class:state | I81: state | J81: burgemeester | K81: 0 | L81: 0 | M81: 2 | N81: BWBR0009950:5.14:3:6
A82: 81 | B82: EU | fallback | C82: sample | D82: EU | E82: fallback | F82: onderaannemer | G82: class:party | I82: party | J82: onderaannemer | K82: 0 | L82: 0 | M82: 1 | N82: 32024R1689:33:3:4
A83: 82 | B83: EU | exact | C83: sample | D83: EU | E83: exact | F83: AI-board | G83: KEY:32024R1689:aiboard | H83: KEY:32024R1689:aiboard | J83: aiboard | K83: 0 | L83: 0 | M83: 35 | N83: 32024R1689:66:whole:7
A84: 83 | B84: NL | not_actor | C84: sample | D84: NL | E84: not_actor | F84: verkeersgegevens | G84: not_actor | J84: verkeersgegeven | K84: 0 | L84: 0 | M84: 2 | N84: BWBR0009950:11.5:2:4
A85: 84 | B85: NL | exact | C85: sample | D85: NL | E85: exact | F85: Nummerhouders | G85: BWBR0009950:nummerhouder | H85: BWBR0009950:nummerhouder | J85: nummerhouder | K85: 0 | L85: 0 | M85: 1 | N85: BWBR0009950:20.16a:2:1
A86: 85 | B86: NL | fallback | C86: sample | D86: NL | E86: fallback | F86: rechtbank | G86: class:institution | I86: institution | J86: rechtbank | K86: 0 | L86: 0 | M86: 5 | N86: BWBR0040940:35:6:10
A87: 86 | B87: EU | shortened | C87: sample | D87: EU | E87: shortened | F87: relevante operator | G87: 32024R1689:operator | H87: 32024R1689:operator | J87: relevant operator / operator | K87: 0 | L87: 0 | M87: 1 | N87: 32024R1689:82:2:2
A88: 87 | B88: EU | fallback | C88: sample | D88: EU | E88: fallback | F88: proefpersonen | G88: class:person | I88: person | J88: proefperson | K88: 0 | L88: 0 | M88: 2 | N88: 32024R1689:60:4:15
A89: 88 | B89: census | C89: census | D89: EU | E89: exact | F89: toezichthoudende autoriteit | G89: 32016R0679:toezichthoudende_autoriteit | H89: 32016R0679:toezichthoudende_autoriteit | J89: toezichthoud autoriteit / autoriteit | K89: 96 | L89: 0 | M89: 96 | N89: 32016R0679:60:7:15, 32016R0679:58:1:4, 32016R0679:58:2:14
A90: 89 | B90: census | C90: census | D90: EU | E90: fallback | F90: Financiële entiteiten | G90: class:party | I90: party | J90: financiel entiteit / entiteit | K90: 87 | L90: 0 | M90: 87 | N90: 32022R2554:10:1:4, 32022R2554:17:1:2, 32022R2554:28:1:1
A91: 90 | B91: NL | shortened | C91: sample | D91: NL | E91: shortened | F91: betrokken gebruiker | G91: BWBR0009950:gebruiker | H91: BWBR0009950:gebruiker | J91: betrok gebruiker / gebruiker | K91: 0 | L91: 0 | M91: 2 | N91: BWBR0009950:11.7a:1:3
A92: 91 | B92: EU | exact | C92: sample | D92: EU | E92: exact | F92: aanmeldende autoriteit | G92: 32024R1689:aanmeldende_autoriteit | H92: 32024R1689:aanmeldende_autoriteit | J92: aanmeld autoriteit / autoriteit | K92: 0 | L92: 0 | M92: 23 | N92: 32024R1689:36:8:28
A93: 92 | B93: NL | exact | C93: sample | D93: NL | E93: exact | F93: belangrijke entiteit | G93: BWBR0052872:belangrijke_entiteit | H93: BWBR0052872:belangrijke_entiteit | J93: belangrijk entiteit / entiteit | K93: 0 | L93: 0 | M93: 23 | N93: BWBR0052872:33:1:1
A94: 93 | B94: NL | exact | C94: sample | D94: NL | E94: exact | F94: onderneming | G94: BWBR0009950:onderneming | H94: BWBR0009950:onderneming | J94: ondernem | K94: 0 | L94: 0 | M94: 29 | N94: BWBR0009950:12.9:3:3
A95: 94 | B95: EU | exact | C95: sample | D95: EU | E95: exact | F95: gebruiksverantwoordelijken | G95: 32024R1689:gebruiksverantwoordelijke | H95: 32024R1689:gebruiksverantwoordelijke | J95: gebruiksverantwoord | K95: 0 | L95: 0 | M95: 10 | N95: 32024R1689:49:3:3
A96: 95 | B96: census | C96: census | D96: NL | E96: exact | F96: bevoegde autoriteit | G96: BWBR0052872:bevoegde_autoriteit | H96: BWBR0052872:bevoegde_autoriteit | J96: bevoegd autoriteit / autoriteit | K96: 0 | L96: 52 | M96: 52 | N96: BWBR0052872:71:1:1, BWBR0052872:76:2:2, BWBR0052872:71:2:3
A97: 96 | B97: census | C97: census | D97: EU | E97: exact | F97: aanbieder | G97: 32024R1689:aanbieder | H97: 32024R1689:aanbieder | J97: aanbieder | K97: 48 | L97: 0 | M97: 48 | N97: 32024R1689:23:1:6, 32024R1689:43:3:8, 32024R1689:14:3:5
A98: 97 | B98: EU | fallback | C98: sample | D98: EU | E98: fallback | F98: autoriteit | G98: class:authority | I98: authority | J98: autoriteit | K98: 0 | L98: 0 | M98: 4 | N98: 32022R2554:26:7:13
A99: 98 | B99: EU | fallback | C99: sample | D99: EU | E99: fallback | F99: organisatie | G99: class:party | I99: party | J99: organisatie | K99: 0 | L99: 0 | M99: 3 | N99: 32016R0679:80:1:4
A100: 99 | B100: NL | not_actor | C100: sample | D100: NL | E100: not_actor | F100: tool | G100: not_actor | J100: tol | K100: 0 | L100: 0 | M100: 10 | N100: BWBR0009950:7.3:5:12
...

Sheet weights
A1: stratum | B1: source | C1: level | D1: N_h
A2: EU | exact | B2: EU | C2: exact | D2: 581
A3: EU | shortened | B3: EU | C3: shortened | D3: 211
A4: EU | fallback | B4: EU | C4: fallback | D4: 263
A5: EU | not_actor | B5: EU | C5: not_actor | D5: 517
A6: NL | exact | B6: NL | C6: exact | D6: 361
A7: NL | shortened | B7: NL | C7: shortened | D7: 41
A8: NL | fallback | B8: NL | C8: fallback | D8: 312
A9: NL | not_actor | B9: NL | C9: not_actor | D9: 367

Sheet Design
A1: Sample design
A2: What is validated. Each actor unit of a norm is mapped to an inventory actor (exact or shortened match), to the broad class of its head word (fallback) or to nothing (not an actor, dropped). Each result is a claim the labeller checks from the norm text: is this the actor, is it an actor of this class without an entry, is it really not an actor? Population. The sampling unit is an actor unit as it occurs in a norm, so a unit used in many norms counts as often as it is used downstream, and each is judged in its own norm. 4,592 unit occurrences: EU 2,906, Dutch 1,686. Norms with status pronoun, missing or no_units have no unit and make no mapping claim; they are exact counts (table below). The source is taken from the document id: BWBR ids are Dutch, all others EU. Census. The result of a unit is the same wherever it gets the same ID, class or 'not an actor', so one judgement settles all those occurrences. The 20 most frequent (unit, result) groups are judged in full, each once, against up to 3 contexts taken in turn from both sources. They are the top of the frequency ranking, ties broken alphabetically, fixed before any judging. A census group that fits some uses but not others is labelled partial. The coverage curve below shows where a further group would cover little more than one sampled unit. Strata. Outside the census, units are stratified by source, so the EU-Dutch comparison gets the same number of judgements on each side, and by match level, because each level makes a different claim and can fail at its own rate. Each source gets 50 judgements: a floor of 8 per stratum, the rest in proportion to N_h. A norm gives at most 1 sampled unit. Precision. In the worst case (50% in every stratum) each source's precision is known to about +/-8 points (EU) and +/-9 (Dutch), at 80% to +/-6 and +/-7; the EU-Dutch difference to about +/-12 points. The census adds no sampling error. Overall figures weight each stratum by N_h and each census group by its occurrences, never by row count. Blind. The labeller sees the norm, the unit and what it was mapped to, but not the match level or the role keys; those are in the hidden key sheet, and the rows are shuffled. A fallback or 'not an actor' result is visible as such, since it is the claim being judged. Consistency. Every distinct unit (998) was mapped again with the current inventory and gave the same result. Adding actors to the inventory changes the strata, so the sample is drawn after the inventory is updated.
A4: stratum | B4: source | C4: level | D4: population N_h | E4: share of source | F4: n sampled | G4: why this stratum and this n
A5: EU | exact | B5: EU | C5: exact | D5: 581 | E5: =IFERROR(D5/SUMIFS($D$5:$D$12,$B$5:$B$12,B5),0) | F5: 15 | G5: The full role key equals an inventory label or alias: the safest route. Checks the inventory entries of the common actors.
A6: EU | shortened | B6: EU | C6: shortened | D6: 211 | E6: =IFERROR(D6/SUMIFS($D$5:$D$12,$B$5:$B$12,B6),0) | F6: 10 | G6: Words were dropped until a key matched: the riskiest route to an ID (an entry too broad, or the wrong one).
A7: EU | fallback | B7: EU | C7: fallback | D7: 263 | E7: =IFERROR(D7/SUMIFS($D$5:$D$12,$B$5:$B$12,B7),0) | F7: 11 | G7: No entry matched; only the head word's class. Is it an actor, is the class right, and was an inventory entry missed?
A8: EU | not_actor | B8: EU | C8: not_actor | D8: 517 | E8: =IFERROR(D8/SUMIFS($D$5:$D$12,$B$5:$B$12,B8),0) | F8: 14 | G8: Dropped as not an actor. Its errors are actors lost to the whole actor filter (recall of the mapping).
A9: NL | exact | B9: NL | C9: exact | D9: 361 | E9: =IFERROR(D9/SUMIFS($D$5:$D$12,$B$5:$B$12,B9),0) | F9: 14 | G9: The full role key equals an inventory label or alias: the safest route. Checks the inventory entries of the common actors.
A10: NL | shortened | B10: NL | C10: shortened | D10: 41 | E10: =IFERROR(D10/SUMIFS($D$5:$D$12,$B$5:$B$12,B10),0) | F10: 8 | G10: Words were dropped until a key matched: the riskiest route to an ID (an entry too broad, or the wrong one).
A11: NL | fallback | B11: NL | C11: fallback | D11: 312 | E11: =IFERROR(D11/SUMIFS($D$5:$D$12,$B$5:$B$12,B11),0) | F11: 13 | G11: No entry matched; only the head word's class. Is it an actor, is the class right, and was an inventory entry missed?
A12: NL | not_actor | B12: NL | C12: not_actor | D12: 367 | E12: =IFERROR(D12/SUMIFS($D$5:$D$12,$B$5:$B$12,B12),0) | F12: 15 | G12: Dropped as not an actor. Its errors are actors lost to the whole actor filter (recall of the mapping).
A13: total outside the census | D13: =SUM(D5:D12) | F13: =SUM(F5:F12)
A15: Census: the 20 most frequent (unit, result) groups, judged once each
A16: # | B16: unit | C16: assigned | D16: level | E16: EU | F16: NL
A17: 1 | B17: Autoriteit Consument en Markt | C17: not_actor | D17: not_actor | E17: 0 | F17: 270
A18: 2 | B18: Commissie | C18: KEY:EU:commissie | D18: exact | E18: 250 | F18: 0
A19: 3 | B19: Onze Minister | C19: BWBR0009950:onze_minister | D19: exact | E19: 0 | F19: 182
A20: 4 | B20: lidstaten | C20: KEY:EU:lidstaat | D20: exact | E20: 179 | F20: 0
A21: 5 | B21: verwerkingsverantwoordelijke | C21: 32016R0679:verwerkingsverantwoordelijke | D21: exact | E21: 111 | F21: 0
A22: 6 | B22: toezichthoudende autoriteit | C22: 32016R0679:toezichthoudende_autoriteit | D22: exact | E22: 96 | F22: 0
A23: 7 | B23: bevoegde autoriteiten | C23: class:authority | D23: fallback | E23: 95 | F23: 0
A24: 8 | B24: financiële entiteiten | C24: class:party | D24: fallback | E24: 94 | F24: 0
A25: 9 | B25: Financiële entiteiten | C25: class:party | D25: fallback | E25: 87 | F25: 0
A26: 10 | B26: Comité | C26: KEY:32016R0679:comite | D26: exact | E26: 63 | F26: 0
A27: 11 | B27: lidstaat | C27: KEY:EU:lidstaat | D27: exact | E27: 63 | F27: 0
A28: 12 | B28: aanbieder | C28: class:party | D28: fallback | E28: 0 | F28: 56
... A36: 20 | B36: Onze Minister | C36: BWBR0048156:onze_minister | D36: exact | E36: 0 | F36: 45
A37: total | E37: =SUM(E17:E36) | F37: =SUM(F17:F36)
A39: Coverage: share of unit occurrences covered by the most frequent groups
A40: census size | B40: EU | C40: NL
A41: 5 | B41: 0.18582244 | C41: 0.26809015
A42: 10 | B42: 0.33551273 | C42: 0.26809015
A43: 20 | B43: 0.45905024 | C43: 0.35883749
A44: 30 | B44: 0.51032347 | C44: 0.45077106
A45: 50 | B45: 0.61046111 | C45: 0.50711744
A46: 100 | B46: 0.72780454 | C46: 0.6198102
A48: Exact counts (not sampled)
B49: EU | C49: NL | D49: total
A50: norms
A51: ... status fallback | B51: 535 | C51: 321 | D51: =B51+C51
A52: ... status mapped | B52: 1580 | C52: 626 | D52: =B52+C52
A53: ... status not_actor | B53: 521 | C53: 550 | D53: =B53+C53
A54: ... status missing (no unit, no claim) | B54: 345 | C54: 612 | D54: =B54+C54
A55: ... status no_units (no unit, no claim) | B55: 3 | C55: 6 | D55: =B55+C55
A56: ... status pronoun (no unit, no claim) | B56: 125 | C56: 35 | D56: =B56+C56
A57: unit occurrences
A58: ... exact | B58: 1489 | C58: 640 | D58: =B58+C58
A59: ... shortened | B59: 211 | C59: 41 | D59: =B59+C59
A60: ... fallback | B60: 587 | C60: 368 | D60: =B60+C60
A61: ... not_actor | B61: 619 | C61: 637 | D61: =B61+C61
A62: Settings: census 20, contexts 3, per source 50, floor 8, max per norm 1, seed 42

Sheet Summary
A1: stratum | B1: rows | C1: judged | D1: correct | E1: partial | F1: wrong | G1: unclear | H1: strict | I1: lenient | J1: strict 95% low | K1: strict 95% high | M1: z
A2: EU | exact | B2: =COUNTIFS(key!$B$2:$B$121,A2) | C2: =COUNTIFS(key!$B$2:$B$121,A2,Review!$H$2:$H$121,"<>") | D2: =COUNTIFS(key!$B$2:$B$121,A2,Review!$H$2:$H$121,"correct") | E2: =COUNTIFS(key!$B$2:$B$121,A2,Review!$H$2:$H$121,"partial") | F2: =COUNTIFS(key!$B$2:$B$121,A2,Review!$H$2:$H$121,"wrong") | G2: =COUNTIFS(key!$B$2:$B$121,A2,Review!$H$2:$H$121,"unclear") | H2: =IFERROR(D2/(C2-G2),"") | I2: =IFERROR((D2+E2)/(C2-G2),"") | J2: =IFERROR(MAX(0,(H2+$M$2^2/(2*(C2-G2)))/(1+$M$2^2/(C2-G2))-$M$2*SQRT(H2*(1-H2)/(C2-G2)+$M$2^2/(4*(C2-G2)^2))/(1+$M$2^2/(C2-G2))),"") | K2: =IFERROR(MIN(1,(H2+$M$2^2/(2*(C2-G2)))/(1+$M$2^2/(C2-G2))+$M$2*SQRT(H2*(1-H2)/(C2-G2)+$M$2^2/(4*(C2-G2)^2))/(1+$M$2^2/(C2-G2))),"") | M2: 1.96
A3: EU | shortened | B3: =COUNTIFS(key!$B$2:$B$121,A3) | C3: =COUNTIFS(key!$B$2:$B$121,A3,Review!$H$2:$H$121,"<>") | D3: =COUNTIFS(key!$B$2:$B$121,A3,Review!$H$2:$H$121,"correct") | E3: =COUNTIFS(key!$B$2:$B$121,A3,Review!$H$2:$H$121,"partial") | F3: =COUNTIFS(key!$B$2:$B$121,A3,Review!$H$2:$H$121,"wrong") | G3: =COUNTIFS(key!$B$2:$B$121,A3,Review!$H$2:$H$121,"unclear") | H3: =IFERROR(D3/(C3-G3),"") | I3: =IFERROR((D3+E3)/(C3-G3),"") | J3: =IFERROR(MAX(0,(H3+$M$2^2/(2*(C3-G3)))/(1+$M$2^2/(C3-G3))-$M$2*SQRT(H3*(1-H3)/(C3-G3)+$M$2^2/(4*(C3-G3)^2))/(1+$M$2^2/(C3-G3))),"") | K3: =IFERROR(MIN(1,(H3+$M$2^2/(2*(C3-G3)))/(1+$M$2^2/(C3-G3))+$M$2*SQRT(H3*(1-H3)/(C3-G3)+$M$2^2/(4*(C3-G3)^2))/(1+$M$2^2/(C3-G3))),"")
A4: EU | fallback | B4: =COUNTIFS(key!$B$2:$B$121,A4) | C4: =COUNTIFS(key!$B$2:$B$121,A4,Review!$H$2:$H$121,"<>") | D4: =COUNTIFS(key!$B$2:$B$121,A4,Review!$H$2:$H$121,"correct") | E4: =COUNTIFS(key!$B$2:$B$121,A4,Review!$H$2:$H$121,"partial") | F4: =COUNTIFS(key!$B$2:$B$121,A4,Review!$H$2:$H$121,"wrong") | G4: =COUNTIFS(key!$B$2:$B$121,A4,Review!$H$2:$H$121,"unclear") | H4: =IFERROR(D4/(C4-G4),"") | I4: =IFERROR((D4+E4)/(C4-G4),"") | J4: =IFERROR(MAX(0,(H4+$M$2^2/(2*(C4-G4)))/(1+$M$2^2/(C4-G4))-$M$2*SQRT(H4*(1-H4)/(C4-G4)+$M$2^2/(4*(C4-G4)^2))/(1+$M$2^2/(C4-G4))),"") | K4: =IFERROR(MIN(1,(H4+$M$2^2/(2*(C4-G4)))/(1+$M$2^2/(C4-G4))+$M$2*SQRT(H4*(1-H4)/(C4-G4)+$M$2^2/(4*(C4-G4)^2))/(1+$M$2^2/(C4-G4))),"")
A5: EU | not_actor | B5: =COUNTIFS(key!$B$2:$B$121,A5) | C5: =COUNTIFS(key!$B$2:$B$121,A5,Review!$H$2:$H$121,"<>") | D5: =COUNTIFS(key!$B$2:$B$121,A5,Review!$H$2:$H$121,"correct") | E5: =COUNTIFS(key!$B$2:$B$121,A5,Review!$H$2:$H$121,"partial") | F5: =COUNTIFS(key!$B$2:$B$121,A5,Review!$H$2:$H$121,"wrong") | G5: =COUNTIFS(key!$B$2:$B$121,A5,Review!$H$2:$H$121,"unclear") | H5: =IFERROR(D5/(C5-G5),"") | I5: =IFERROR((D5+E5)/(C5-G5),"") | J5: =IFERROR(MAX(0,(H5+$M$2^2/(2*(C5-G5)))/(1+$M$2^2/(C5-G5))-$M$2*SQRT(H5*(1-H5)/(C5-G5)+$M$2^2/(4*(C5-G5)^2))/(1+$M$2^2/(C5-G5))),"") | K5: =IFERROR(MIN(1,(H5+$M$2^2/(2*(C5-G5)))/(1+$M$2^2/(C5-G5))+$M$2*SQRT(H5*(1-H5)/(C5-G5)+$M$2^2/(4*(C5-G5)^2))/(1+$M$2^2/(C5-G5))),"")
A6: NL | exact | B6: =COUNTIFS(key!$B$2:$B$121,A6) | C6: =COUNTIFS(key!$B$2:$B$121,A6,Review!$H$2:$H$121,"<>") | D6: =COUNTIFS(key!$B$2:$B$121,A6,Review!$H$2:$H$121,"correct") | E6: =COUNTIFS(key!$B$2:$B$121,A6,Review!$H$2:$H$121,"partial") | F6: =COUNTIFS(key!$B$2:$B$121,A6,Review!$H$2:$H$121,"wrong") | G6: =COUNTIFS(key!$B$2:$B$121,A6,Review!$H$2:$H$121,"unclear") | H6: =IFERROR(D6/(C6-G6),"") | I6: =IFERROR((D6+E6)/(C6-G6),"") | J6: =IFERROR(MAX(0,(H6+$M$2^2/(2*(C6-G6)))/(1+$M$2^2/(C6-G6))-$M$2*SQRT(H6*(1-H6)/(C6-G6)+$M$2^2/(4*(C6-G6)^2))/(1+$M$2^2/(C6-G6))),"") | K6: =IFERROR(MIN(1,(H6+$M$2^2/(2*(C6-G6)))/(1+$M$2^2/(C6-G6))+$M$2*SQRT(H6*(1-H6)/(C6-G6)+$M$2^2/(4*(C6-G6)^2))/(1+$M$2^2/(C6-G6))),"")
A7: NL | shortened | B7: =COUNTIFS(key!$B$2:$B$121,A7) | C7: =COUNTIFS(key!$B$2:$B$121,A7,Review!$H$2:$H$121,"<>") | D7: =COUNTIFS(key!$B$2:$B$121,A7,Review!$H$2:$H$121,"correct") | E7: =COUNTIFS(key!$B$2:$B$121,A7,Review!$H$2:$H$121,"partial") | F7: =COUNTIFS(key!$B$2:$B$121,A7,Review!$H$2:$H$121,"wrong") | G7: =COUNTIFS(key!$B$2:$B$121,A7,Review!$H$2:$H$121,"unclear") | H7: =IFERROR(D7/(C7-G7),"") | I7: =IFERROR((D7+E7)/(C7-G7),"") | J7: =IFERROR(MAX(0,(H7+$M$2^2/(2*(C7-G7)))/(1+$M$2^2/(C7-G7))-$M$2*SQRT(H7*(1-H7)/(C7-G7)+$M$2^2/(4*(C7-G7)^2))/(1+$M$2^2/(C7-G7))),"") | K7: =IFERROR(MIN(1,(H7+$M$2^2/(2*(C7-G7)))/(1+$M$2^2/(C7-G7))+$M$2*SQRT(H7*(1-H7)/(C7-G7)+$M$2^2/(4*(C7-G7)^2))/(1+$M$2^2/(C7-G7))),"")
A8: NL | fallback | B8: =COUNTIFS(key!$B$2:$B$121,A8) | C8: =COUNTIFS(key!$B$2:$B$121,A8,Review!$H$2:$H$121,"<>") | D8: =COUNTIFS(key!$B$2:$B$121,A8,Review!$H$2:$H$121,"correct") | E8: =COUNTIFS(key!$B$2:$B$121,A8,Review!$H$2:$H$121,"partial") | F8: =COUNTIFS(key!$B$2:$B$121,A8,Review!$H$2:$H$121,"wrong") | G8: =COUNTIFS(key!$B$2:$B$121,A8,Review!$H$2:$H$121,"unclear") | H8: =IFERROR(D8/(C8-G8),"") | I8: =IFERROR((D8+E8)/(C8-G8),"") | J8: =IFERROR(MAX(0,(H8+$M$2^2/(2*(C8-G8)))/(1+$M$2^2/(C8-G8))-$M$2*SQRT(H8*(1-H8)/(C8-G8)+$M$2^2/(4*(C8-G8)^2))/(1+$M$2^2/(C8-G8))),"") | K8: =IFERROR(MIN(1,(H8+$M$2^2/(2*(C8-G8)))/(1+$M$2^2/(C8-G8))+$M$2*SQRT(H8*(1-H8)/(C8-G8)+$M$2^2/(4*(C8-G8)^2))/(1+$M$2^2/(C8-G8))),"")
A9: NL | not_actor | B9: =COUNTIFS(key!$B$2:$B$121,A9) | C9: =COUNTIFS(key!$B$2:$B$121,A9,Review!$H$2:$H$121,"<>") | D9: =COUNTIFS(key!$B$2:$B$121,A9,Review!$H$2:$H$121,"correct") | E9: =COUNTIFS(key!$B$2:$B$121,A9,Review!$H$2:$H$121,"partial") | F9: =COUNTIFS(key!$B$2:$B$121,A9,Review!$H$2:$H$121,"wrong") | G9: =COUNTIFS(key!$B$2:$B$121,A9,Review!$H$2:$H$121,"unclear") | H9: =IFERROR(D9/(C9-G9),"") | I9: =IFERROR((D9+E9)/(C9-G9),"") | J9: =IFERROR(MAX(0,(H9+$M$2^2/(2*(C9-G9)))/(1+$M$2^2/(C9-G9))-$M$2*SQRT(H9*(1-H9)/(C9-G9)+$M$2^2/(4*(C9-G9)^2))/(1+$M$2^2/(C9-G9))),"") | K9: =IFERROR(MIN(1,(H9+$M$2^2/(2*(C9-G9)))/(1+$M$2^2/(C9-G9))+$M$2*SQRT(H9*(1-H9)/(C9-G9)+$M$2^2/(4*(C9-G9)^2))/(1+$M$2^2/(C9-G9))),"")
A10: census | B10: =COUNTIFS(key!$B$2:$B$121,A10) | C10: =COUNTIFS(key!$B$2:$B$121,A10,Review!$H$2:$H$121,"<>") | D10: =COUNTIFS(key!$B$2:$B$121,A10,Review!$H$2:$H$121,"correct") | E10: =COUNTIFS(key!$B$2:$B$121,A10,Review!$H$2:$H$121,"partial") | F10: =COUNTIFS(key!$B$2:$B$121,A10,Review!$H$2:$H$121,"wrong") | G10: =COUNTIFS(key!$B$2:$B$121,A10,Review!$H$2:$H$121,"unclear") | H10: =IFERROR(D10/(C10-G10),"") | I10: =IFERROR((D10+E10)/(C10-G10),"") | J10: =IFERROR(MAX(0,(H10+$M$2^2/(2*(C10-G10)))/(1+$M$2^2/(C10-G10))-$M$2*SQRT(H10*(1-H10)/(C10-G10)+$M$2^2/(4*(C10-G10)^2))/(1+$M$2^2/(C10-G10))),"") | K10: =IFERROR(MIN(1,(H10+$M$2^2/(2*(C10-G10)))/(1+$M$2^2/(C10-G10))+$M$2*SQRT(H10*(1-H10)/(C10-G10)+$M$2^2/(4*(C10-G10)^2))/(1+$M$2^2/(C10-G10))),"")
A12: Per stratum, unweighted; 'unclear' is excluded. Census rows count once each here; the review step weights them by their occurrences.
A13: Weighted figures per source and level, the EU-Dutch difference, lost actors, error kinds and inventory additions: python actor_map_review.py review --xlsx <this file>
